"workstream_hash","workstream_title","workstream_description","workstream_status","workstream_priority","workstream_complexity","estimated_completion_time","workstream_has_dependencies","output_result","workstream_created_at","workstream_updated_at","drop_id","drop_hash","drop_title","owner_id","drop_priority","drop_complexity","estimated_time","completion_time","details","objectives","tasks","drop_has_dependencies","drop_status","drop_created_at","due_date","last_updated","comments","assignment_date","completion_date","failed_drops","tags","origin_job_id","aggregated_notes","aggregated_test_outcomes","last_aggregated_at","dependencies"
a2d9d899c7f572b4dfa7e5362b989971,Automated Tests and Regression Coverage,"Deliver automated unit and integration tests that validate exact-match retrieval, permission enforcement, route construction for all four structures, event inclusion rules (including Assigned and cancelled), timezone handling, and public endpoint behaviors like non-leaky errors and throttling. Tests use deterministic fixtures and mock FMT responses, run in CI, and include regression checks to prevent N+1 queries and output schema regressions. Include API-level contract tests to ensure the client receives stable event keys and timezone identifiers.",Active,High,"6",3,false,"",2026-01-22 17:13:58.394,2026-01-22 17:13:58.394,8172,"10c6f87fe3833bfb45325a0f697d90cf",Deterministic fixtures and mocked FMT responses,"4b3d487653786b8296235baa36ed4b8f",High,"4",6,0,Adds deterministic fixtures (tests/fixtures/events_fixture.json) containing Assigned and Cancelled example events and a mocked FMT responder (tests/mocks/fmt_mock.py) wired into tests/conftest.py. Verification: running the smoke test command (pytest -k fixtures) loads fixtures and the fmt mock returns the deterministic payload shown in tests/fixtures/events_fixture.json.,"Provide stable, deterministic input data and a reusable FMT mock so all downstream tests run reproducibly today.","[""Create tests/fixtures/events_fixture.json with deterministic Assigned and Cancelled event records (stable event keys, timezone fields)"", ""Implement tests/mocks/fmt_mock.py to return the exact payloads from events_fixture.json for all FMT endpoints"", ""Wire fmt_mock into test setup in tests/conftest.py via dependency injection/patching"", ""Add a smoke test tests/unit/test_fixtures_loads.py that imports fixture and asserts fixed values (event.key, status, timezone)"", ""Run pytest -k fixtures locally and confirm the smoke test passes""]",false,Completed,2026-01-22 17:42:08.457,,2026-03-03 17:10:20.007,"",2026-03-03 16:56:07.300,2026-03-03 17:10:20.006,,"fixtures, FMT, mock, deterministic, tests",,,,,(none)
a2d9d899c7f572b4dfa7e5362b989971,Automated Tests and Regression Coverage,"Deliver automated unit and integration tests that validate exact-match retrieval, permission enforcement, route construction for all four structures, event inclusion rules (including Assigned and cancelled), timezone handling, and public endpoint behaviors like non-leaky errors and throttling. Tests use deterministic fixtures and mock FMT responses, run in CI, and include regression checks to prevent N+1 queries and output schema regressions. Include API-level contract tests to ensure the client receives stable event keys and timezone identifiers.",Active,High,"6",3,false,"",2026-01-22 17:13:58.394,2026-01-22 17:13:58.394,8173,"97ab49b80327454c7ac4cdde9f011e10",Unit and integration tests for exact-match retrieval,"4b3d487653786b8296235baa36ed4b8f",High,"5",6,0,Adds unit and integration tests that verify exact-match retrieval: tests/unit/test_exact_match.py (unit) and tests/integration/test_exact_match_integration.py (integration) using the deterministic fixtures and FMT mock. Verification: run pytest -k exact_match and see assertions that GET /public/events?key=<stable_key> (integration) and service.fetch_by_exact_match('stable_key') (unit) return only the expected event.,Ensure exact-match retrieval returns only the precise event and no extra records in both unit and integration contexts.,"[""Write unit test tests/unit/test_exact_match.py that calls the exact-match function with 'stable_event_key' and asserts single return equals fixture record"", ""Write integration test tests/integration/test_exact_match_integration.py that issues a test HTTP GET to the public events handler (e.g., GET /public/events?key=stable_event_key) with fmt_mock active and asserts 200 and response.events contains only the expected id"", ""Ensure tests use tests/fixtures/events_fixture.json and tests/mocks/fmt_mock.py from Drop 1"", ""Run pytest -k exact_match and confirm both unit and integration tests pass""]",true,Completed,2026-01-22 17:42:08.476,,2026-03-05 20:27:07.070,"",2026-03-05 20:09:41.429,2026-03-05 20:27:07.070,,"exact-match, unit-test, integration, API, GET",,,,,"8172: Deterministic fixtures and mocked FMT responses"
a2d9d899c7f572b4dfa7e5362b989971,Automated Tests and Regression Coverage,"Deliver automated unit and integration tests that validate exact-match retrieval, permission enforcement, route construction for all four structures, event inclusion rules (including Assigned and cancelled), timezone handling, and public endpoint behaviors like non-leaky errors and throttling. Tests use deterministic fixtures and mock FMT responses, run in CI, and include regression checks to prevent N+1 queries and output schema regressions. Include API-level contract tests to ensure the client receives stable event keys and timezone identifiers.",Active,High,"6",3,false,"",2026-01-22 17:13:58.394,2026-01-22 17:13:58.394,8174,a26367c7e6f962677e4fb709eff541b6,Permission enforcement unit and integration tests,"4b3d487653786b8296235baa36ed4b8f",High,"6",6,0,"Adds unit and integration tests that assert permission enforcement: unauthorized requests receive 403 and authorized roles (e.g., 'viewer', 'owner') receive 200 for GET /events and GET /events/{id}. Verification: run pytest -k permission and see tests that simulate auth tokens and assert correct status codes and no leakage of internal info.",Validate that permission checks are enforced at both unit and integration levels and that unauthorized access is blocked with correct HTTP status codes.,"[""Add unit tests tests/unit/test_permissions.py that exercise the permission check util (e.g., auth.check_permissions) for viewer/owner/none roles"", ""Add integration tests tests/integration/test_permissions_endpoints.py that call GET /events and GET /events/{id} with mocked auth tokens representing different roles and assert 200 or 403 as expected"", ""Mock FMT and backend fixtures so tests are deterministic"", ""Run pytest -k permission and confirm assertions on 200/403 and that response bodies contain only allowed fields""]",true,Completed,2026-01-22 17:42:08.490,,2026-03-06 19:25:47.463,"",2026-03-06 19:09:33.713,2026-03-06 19:25:47.463,,"permissions, auth, 403, unit-test, integration",,,,,"8172: Deterministic fixtures and mocked FMT responses"
a2d9d899c7f572b4dfa7e5362b989971,Automated Tests and Regression Coverage,"Deliver automated unit and integration tests that validate exact-match retrieval, permission enforcement, route construction for all four structures, event inclusion rules (including Assigned and cancelled), timezone handling, and public endpoint behaviors like non-leaky errors and throttling. Tests use deterministic fixtures and mock FMT responses, run in CI, and include regression checks to prevent N+1 queries and output schema regressions. Include API-level contract tests to ensure the client receives stable event keys and timezone identifiers.",Active,High,"6",3,false,"",2026-01-22 17:13:58.394,2026-01-22 17:13:58.394,8175,d9493e6c334038798a4a5ec62612e684,Route construction tests for all four structures,"4b3d487653786b8296235baa36ed4b8f",Medium-High,"5",6,0,"Implements tests for route construction for all four URL structures used by the service (collection, item, nested, legacy). Verification: unit tests call the route builder with example params and assert exact path strings, and an integration test issues a request to one constructed path and expects a 200 from the handler.","Confirm router builds correct, encoded URLs for every supported structure so downstream clients receive stable routes.","[""Define the four route structure test cases in tests/unit/test_routes.py with expected path strings using fixture params"", ""Add assertions for parameter encoding and timezone segment inclusion in route strings"", ""Add a small integration test tests/integration/test_route_execution.py that issues a request to one constructed path and expects a 200 with the fixture payload"", ""Run pytest -k routes and confirm all path assertions match the expected strings""]",true,Completed,2026-01-22 17:42:08.504,,2026-03-03 21:24:39.754,"",2026-03-03 21:05:37.568,2026-03-03 21:24:39.753,,"routing, route-construction, unit-test, URLs",,,,,"8172: Deterministic fixtures and mocked FMT responses"
a2d9d899c7f572b4dfa7e5362b989971,Automated Tests and Regression Coverage,"Deliver automated unit and integration tests that validate exact-match retrieval, permission enforcement, route construction for all four structures, event inclusion rules (including Assigned and cancelled), timezone handling, and public endpoint behaviors like non-leaky errors and throttling. Tests use deterministic fixtures and mock FMT responses, run in CI, and include regression checks to prevent N+1 queries and output schema regressions. Include API-level contract tests to ensure the client receives stable event keys and timezone identifiers.",Active,High,"6",3,false,"",2026-01-22 17:13:58.394,2026-01-22 17:13:58.394,8176,fe5446a2f7959ccb91ba7c1a4791d073,Event inclusion tests for Assigned and Cancelled,"4b3d487653786b8296235baa36ed4b8f",Medium-High,"5",6,0,Adds tests to verify event inclusion rules for Assigned and Cancelled statuses using deterministic fixtures and fmt_mock. Verification: run pytest -k event_inclusion and see tests asserting Assigned events are present and Cancelled events follow the business rule (included or excluded) as encoded in the test.,Ensure the service applies event inclusion rules correctly for Assigned and Cancelled events so clients receive the expected set of events.,"[""Create fixture variants in tests/fixtures/events_fixture.json including multiple Assigned and Cancelled cases"", ""Write tests/unit/test_event_inclusion.py asserting Assigned events are always included"", ""Write tests/integration/test_event_inclusion_rules.py asserting Cancelled events are included/excluded per the retention rule (use a timestamp boundary in fixture)"", ""Run pytest -k event_inclusion and confirm pass/fail outcomes match expected inclusion rules""]",true,Completed,2026-01-22 17:42:08.522,,2026-03-03 19:55:00.083,"",2026-03-03 19:40:35.940,2026-03-03 19:55:00.082,,"events, Assigned, Cancelled, inclusion, tests",,,,,"8172: Deterministic fixtures and mocked FMT responses"
a2d9d899c7f572b4dfa7e5362b989971,Automated Tests and Regression Coverage,"Deliver automated unit and integration tests that validate exact-match retrieval, permission enforcement, route construction for all four structures, event inclusion rules (including Assigned and cancelled), timezone handling, and public endpoint behaviors like non-leaky errors and throttling. Tests use deterministic fixtures and mock FMT responses, run in CI, and include regression checks to prevent N+1 queries and output schema regressions. Include API-level contract tests to ensure the client receives stable event keys and timezone identifiers.",Active,High,"6",3,false,"",2026-01-22 17:13:58.394,2026-01-22 17:13:58.394,8177,"5365986edeec9ccb7acb9515eed5a107",Timezone identifier and conversion tests,"4b3d487653786b8296235baa36ed4b8f",Medium-High,"6",6,0,"Adds tests that validate timezone identifier handling and conversion utilities: unit tests for conversion functions and an integration test that requests events with tz parameter and verifies returned ISO timestamps reflect the requested IANA timezone (e.g., 'America/Los_Angeles'). Verification: run pytest -k timezone and assert the timezone field equals the fixture value and timestamps include the expected offset.",Guarantee timezone identifiers (IANA names) are preserved in output and timestamps are converted correctly for client-specified timezones.,"[""Add fixture entries with timezone fields in tests/fixtures/events_fixture.json"", ""Write unit tests tests/unit/test_timezone_conversion.py for convert_to_timezone(dt, tz) asserting expected ISO offsets"", ""Add integration test tests/integration/test_timezone_query_param.py that calls GET /public/events?tz=America/Los_Angeles and asserts response timestamps and timezone field values"", ""Run pytest -k timezone and confirm timezone fields and offsets match expected values""]",true,Completed,2026-01-22 17:42:08.539,,2026-03-04 21:43:29.141,"",2026-03-04 21:24:38.023,2026-03-04 21:43:29.141,,"timezone, IANA, conversion, tests",,,,,"8172: Deterministic fixtures and mocked FMT responses"
a2d9d899c7f572b4dfa7e5362b989971,Automated Tests and Regression Coverage,"Deliver automated unit and integration tests that validate exact-match retrieval, permission enforcement, route construction for all four structures, event inclusion rules (including Assigned and cancelled), timezone handling, and public endpoint behaviors like non-leaky errors and throttling. Tests use deterministic fixtures and mock FMT responses, run in CI, and include regression checks to prevent N+1 queries and output schema regressions. Include API-level contract tests to ensure the client receives stable event keys and timezone identifiers.",Active,High,"6",3,false,"",2026-01-22 17:13:58.394,2026-01-22 17:13:58.394,8178,f5c03a8c31fac18419d72040e7385dfb,Public endpoint non-leaky error behavior tests,"4b3d487653786b8296235baa36ed4b8f",High,"6",6,0,"Implements tests ensuring public endpoints return non-leaky error responses: internal errors return generic 500 payloads without stack traces, and auth/validation errors return safe messages (401/403/400). Verification: run pytest -k non_leaky_errors and use an integration curl (or test HTTP client) to trigger each error path and inspect response bodies contain no internal fields.",Ensure public-facing endpoints never leak internal implementation details or stack traces in error responses.,"[""Add unit tests tests/unit/test_error_wrapping.py that simulate internal exceptions and assert wrapper returns {'error':'internal_server_error'} without internal fields"", ""Add integration tests tests/integration/test_public_errors.py to trigger 400/401/403/404 and assert safe messages and correct status codes"", ""Use fmt_mock and deterministic fixtures so error cases are reproducible"", ""Execute pytest -k non_leaky_errors and run a sample curl against the local handler to confirm response bodies contain no stack or debug fields""]",true,Completed,2026-01-22 17:42:08.552,,2026-03-05 22:17:27.896,"",2026-03-05 20:27:56.978,2026-03-05 22:17:27.896,,"public-endpoint, errors, non-leaky, security, tests",,,,,"8172: Deterministic fixtures and mocked FMT responses"
a2d9d899c7f572b4dfa7e5362b989971,Automated Tests and Regression Coverage,"Deliver automated unit and integration tests that validate exact-match retrieval, permission enforcement, route construction for all four structures, event inclusion rules (including Assigned and cancelled), timezone handling, and public endpoint behaviors like non-leaky errors and throttling. Tests use deterministic fixtures and mock FMT responses, run in CI, and include regression checks to prevent N+1 queries and output schema regressions. Include API-level contract tests to ensure the client receives stable event keys and timezone identifiers.",Active,High,"6",3,false,"",2026-01-22 17:13:58.394,2026-01-22 17:13:58.394,8179,ff2482bf0fb75c29a8703fe270814751,Public endpoint throttling behavior tests,"4b3d487653786b8296235baa36ed4b8f",Medium-High,"6",6,0,Adds automated tests that verify rate-limiting behavior for public endpoints: a test that performs repeated GET /public/events calls until the configured low threshold and asserts 429 is returned with Retry-After or X-RateLimit headers. Verification: run pytest -k throttling and confirm header presence and 429 behavior.,Confirm throttling is enforced and returns the expected status and headers so clients receive clear rate-limit signals.,"[""Configure a test-only low rate limit in tests (or use rate limit fixture) for predictable behavior"", ""Write an integration test tests/integration/test_throttling.py that issues repeated requests to GET /public/events and asserts 200 up to threshold and 429 afterwards"", ""Assert presence and format of Retry-After or X-RateLimit headers in the 429 response"", ""Run pytest -k throttling and confirm header checks and 429 enforcement""]",true,Completed,2026-01-22 17:42:08.566,,2026-03-04 21:56:34.828,"",2026-03-04 21:56:33.691,2026-03-04 21:56:34.828,,"throttling, rate-limit, public-endpoint, 429, tests",,,,,"8172: Deterministic fixtures and mocked FMT responses"
a2d9d899c7f572b4dfa7e5362b989971,Automated Tests and Regression Coverage,"Deliver automated unit and integration tests that validate exact-match retrieval, permission enforcement, route construction for all four structures, event inclusion rules (including Assigned and cancelled), timezone handling, and public endpoint behaviors like non-leaky errors and throttling. Tests use deterministic fixtures and mock FMT responses, run in CI, and include regression checks to prevent N+1 queries and output schema regressions. Include API-level contract tests to ensure the client receives stable event keys and timezone identifiers.",Active,High,"6",3,false,"",2026-01-22 17:13:58.394,2026-01-22 17:13:58.394,8180,cf3631b852f8388e158f09e931b07557,N+1 query regression detection test,"4b3d487653786b8296235baa36ed4b8f",High,"7",7,0,Adds an N+1 query detection regression test that counts DB queries during the events list flow and fails if the query count exceeds the stored baseline in tests/fixtures/query_baseline.json. Verification: run pytest -k n_plus_one; the test reports actual vs baseline query counts and fails on regression.,Detect and prevent N+1 query regressions by enforcing a query-count baseline for a representative request path.,"[""Implement a lightweight query profiler stub in tests/helpers/query_counter.py that hooks into the DB layer to count SQL statements"", ""Add integration test tests/integration/test_n_plus_one.py that loads 50 events from fixtures and issues the events list request while recording query count"", ""Store baseline query count in tests/fixtures/query_baseline.json and assert current_count <= baseline_count"", ""Run pytest -k n_plus_one and confirm counts are reported and the test fails if the baseline is exceeded""]",true,Completed,2026-01-22 17:42:08.587,,2026-03-06 20:40:58.398,"",2026-03-06 20:40:57.484,2026-03-06 20:40:58.398,,"n+1, performance, db, regression, tests",,,,,"8172: Deterministic fixtures and mocked FMT responses"
a2d9d899c7f572b4dfa7e5362b989971,Automated Tests and Regression Coverage,"Deliver automated unit and integration tests that validate exact-match retrieval, permission enforcement, route construction for all four structures, event inclusion rules (including Assigned and cancelled), timezone handling, and public endpoint behaviors like non-leaky errors and throttling. Tests use deterministic fixtures and mock FMT responses, run in CI, and include regression checks to prevent N+1 queries and output schema regressions. Include API-level contract tests to ensure the client receives stable event keys and timezone identifiers.",Active,High,"6",3,false,"",2026-01-22 17:13:58.394,2026-01-22 17:13:58.394,8181,"23e30aae46e27c9bbdab23f90a173051",Output schema regression test and guard,"4b3d487653786b8296235baa36ed4b8f",High,"7",7,0,Adds an output schema regression test that compares current API JSON against the golden schema stored at tests/fixtures/output_schema.json and fails if fields are added/removed or types change. Verification: run pytest -k schema and inspect tests/artifacts/schema_diff.json for mismatches if the test fails.,Protect clients from unexpected output schema changes by failing the test suite on any regression in response shape.,"[""Create golden schema file tests/fixtures/output_schema.json representing the approved public response shape"", ""Write tests/unit/test_output_schema_regression.py that issues a sample GET /public/events using fixtures and validates the response against the golden schema via JSON Schema validator"", ""On mismatch, write a human-readable diff to tests/artifacts/schema_diff.json and fail the test"", ""Run pytest -k schema and confirm the validator passes or artifacts include the diff""]",true,Completed,2026-01-22 17:42:08.602,,2026-03-06 19:41:10.591,"",2026-03-06 19:27:39.252,2026-03-06 19:41:10.591,,"schema, regression, output, API, tests, contract",,,,,"8172: Deterministic fixtures and mocked FMT responses"
a2d9d899c7f572b4dfa7e5362b989971,Automated Tests and Regression Coverage,"Deliver automated unit and integration tests that validate exact-match retrieval, permission enforcement, route construction for all four structures, event inclusion rules (including Assigned and cancelled), timezone handling, and public endpoint behaviors like non-leaky errors and throttling. Tests use deterministic fixtures and mock FMT responses, run in CI, and include regression checks to prevent N+1 queries and output schema regressions. Include API-level contract tests to ensure the client receives stable event keys and timezone identifiers.",Active,High,"6",3,false,"",2026-01-22 17:13:58.394,2026-01-22 17:13:58.394,8182,"65630c33d5e3a5714f6e5478c2b6957c",API contract tests for stable event keys,"4b3d487653786b8296235baa36ed4b8f",High,"6",6,0,Adds API-level contract tests that assert stable event keys and timezone identifier fields are present and match golden values in tests/fixtures/stable_event_keys.json. Verification: run pytest -k api_contract and confirm tests compare event.key values and timezone fields against the golden fixture and pass.,Ensure the API contract guarantees stable event.key values and presence/format of timezone identifiers for client compatibility.,"[""Create tests/fixtures/stable_event_keys.json listing expected event.key values and required timezone fields"", ""Write tests/unit/test_api_contract_keys.py that requests sample events using fmt_mock and asserts each returned event.key equals the golden value and timezone field exists"", ""Add a regex check for key format ^[a-z0-9_-]+$ and fail on mismatch"", ""Run pytest -k api_contract and confirm contract tests pass""]",true,Completed,2026-01-22 17:42:08.615,,2026-03-06 15:11:00.745,"",2026-03-06 14:59:29.340,2026-03-06 15:11:00.744,,"api-contract, event-keys, timezone, tests, contract",,,,,"8172: Deterministic fixtures and mocked FMT responses"
a2d9d899c7f572b4dfa7e5362b989971,Automated Tests and Regression Coverage,"Deliver automated unit and integration tests that validate exact-match retrieval, permission enforcement, route construction for all four structures, event inclusion rules (including Assigned and cancelled), timezone handling, and public endpoint behaviors like non-leaky errors and throttling. Tests use deterministic fixtures and mock FMT responses, run in CI, and include regression checks to prevent N+1 queries and output schema regressions. Include API-level contract tests to ensure the client receives stable event keys and timezone identifiers.",Active,High,"6",3,false,"",2026-01-22 17:13:58.394,2026-01-22 17:13:58.394,8183,b8b7277fc13bde4c949fb10852d7140c,CI pipeline integration to run test suite,"4b3d487653786b8296235baa36ed4b8f",High,"8",8,0,Adds a CI job configuration file (.github/workflows/test-suite.yml) that runs the full test suite (unit + integration + regression tests) with the deterministic fixtures and fmt_mock; the job fails the run on any test failure including N+1 and schema regressions. Verification: the CI workflow file is committed to the repo and running the configured CI runner (or local emulator) executes pytest tests/ and returns exit code reflecting success/failure.,Ensure tests execute in CI on PRs and scheduled runs to prevent regressions from reaching production.,"[""Create .github/workflows/test-suite.yml with a job that checks out the repo, sets up Python, installs dependencies, and runs pytest tests/"", ""Ensure the job sets environment variables to use tests/mocks/fmt_mock.py and test-only rate-limit/config overrides so tests are deterministic"", ""Add artifact upload step to save tests/artifacts (schema diffs, query counts) on failure"", ""Validate the workflow locally with a CI emulator or by running the same commands locally (pip install -r requirements-dev && pytest tests/)"", ""Commit the workflow file to the branch so CI will run on PRs and schedules""]",true,Completed,2026-01-22 17:42:08.632,,2026-03-06 21:54:06.772,"",2026-03-06 20:50:38.928,2026-03-06 21:54:06.772,,"CI, github-actions, tests, pytest, automation",,,,,"8182: API contract tests for stable event keys, 8172: Deterministic fixtures and mocked FMT responses, 8176: Event inclusion tests for Assigned and Cancelled, 8180: N+1 query regression detection test, 8181: Output schema regression test and guard, 8174: Permission enforcement unit and integration tests, 8178: Public endpoint non-leaky error behavior tests, 8179: Public endpoint throttling behavior tests, 8175: Route construction tests for all four structures, 8177: Timezone identifier and conversion tests, 8173: Unit and integration tests for exact-match retrieval"
"3e1be05ad38cc5d0babfe79d058cd174","Event Normalization, Localization, Timezones","Normalize raw stop events into canonical eventTypeKey values, apply inclusion rules, order events, and attach required metadata and timezone identifiers for client localization. Implements Assigned inclusion rules, emits a cancelled indicator when orderStateId == 4, returns ISO timestamps plus stop timezoneId per event, and omits inapplicable fields cleanly. Provides the data required for en_US and fr_CA localization without embedding localized strings.",Active,High,"8",3,false,"",2026-01-22 17:13:58.364,2026-01-22 17:13:58.364,8160,"4206dc845503363567fc2ca5b24250cf",Canonical eventTypeKey Normalization for Stop Events Live,"4b3d487653786b8296235baa36ed4b8f",High,"4",6,0,"Deploy a mapping layer that converts raw incoming event type strings into canonical eventTypeKey values on the /stops/{stopId}/events response (field name: eventTypeKey). Verification: call the endpoint with a stop containing representative raw types and confirm the response contains canonical keys like ""ARRIVAL"", ""DEPARTURE"", ""PICKUP"", ""DROPOFF"", ""EXCEPTION"" for each mapped event.",Provide a deterministic canonical eventTypeKey for every stop event so clients rely on one set of event type identifiers. The mapping is applied inline in the event pipeline and visible via the events API.,"[""Add mapping function rawEvent.type -> canonical eventTypeKey (cover 8 common raw values)"", ""Run unit tests asserting known raw types map to canonical keys"", ""Integrate mapping into /stops/{stopId}/events response serializer"", ""Deploy behind feature flag and run a smoke call proving eventTypeKey values are canonical""]",false,Completed,2026-01-22 17:37:40.722,,2026-03-03 16:49:26.606,"",2026-03-03 16:33:28.689,2026-03-03 16:49:26.606,,"eventTypeKey, normalization, API, /stops/{stopId}/events",,,,,(none)
"3e1be05ad38cc5d0babfe79d058cd174","Event Normalization, Localization, Timezones","Normalize raw stop events into canonical eventTypeKey values, apply inclusion rules, order events, and attach required metadata and timezone identifiers for client localization. Implements Assigned inclusion rules, emits a cancelled indicator when orderStateId == 4, returns ISO timestamps plus stop timezoneId per event, and omits inapplicable fields cleanly. Provides the data required for en_US and fr_CA localization without embedding localized strings.",Active,High,"8",3,false,"",2026-01-22 17:13:58.364,2026-01-22 17:13:58.364,8161,"85549c56da6f8401a084343268d5deec",Assigned Inclusion Filtering for Stop Events Live,"4b3d487653786b8296235baa36ed4b8f",Medium-High,"4",6,0,"Apply the 'Assigned' inclusion rule to runtime event filtering so the /stops/{stopId}/events response returns only events where assignment is present (field e.g., assigned==true or assigneeId != null). Verification: call the endpoint with a dataset containing assigned and unassigned events and confirm unassigned events are not returned.",Ensure clients receive only events that match the Assigned inclusion rule to reduce noise and meet downstream SLA for assigned-only views.,"[""Implement filter: include event only if assigned==true OR assigneeId present"", ""Add integration test containing mixed assigned/unassigned events"", ""Hook filter into events API response path (/stops/{stopId}/events) without changing other fields"", ""Smoke-endpoint call proving unassigned events are absent""]",false,Completed,2026-01-22 17:37:40.737,,2026-03-02 18:00:19.021,"",2026-03-02 18:00:18.035,2026-03-02 18:00:19.021,,"inclusion, Assigned, filtering, API, /stops/{stopId}/events",,,,,"8160: Canonical eventTypeKey Normalization for Stop Events Live"
"3e1be05ad38cc5d0babfe79d058cd174","Event Normalization, Localization, Timezones","Normalize raw stop events into canonical eventTypeKey values, apply inclusion rules, order events, and attach required metadata and timezone identifiers for client localization. Implements Assigned inclusion rules, emits a cancelled indicator when orderStateId == 4, returns ISO timestamps plus stop timezoneId per event, and omits inapplicable fields cleanly. Provides the data required for en_US and fr_CA localization without embedding localized strings.",Active,High,"8",3,false,"",2026-01-22 17:13:58.364,2026-01-22 17:13:58.364,8162,"31184af9b28ddb440e8eb6befeab17b0",Emit Cancelled Indicator for Cancelled Orders,"4b3d487653786b8296235baa36ed4b8f",High,"3",4,0,Emit a cancelled indicator in each event payload when the orderStateId == 4. The event will include a boolean field cancelled (true) for cancelled orders; for non-cancelled orders that field will be absent. Verification: query /stops/{stopId}/events for a stop with orderStateId==4 and confirm cancelled:true is present on returned events.,Make cancellation state explicit to clients without altering existing orderStateId semantics so downstream systems can quickly detect cancelled orders.,"[""Add cancelled boolean to event serializer when orderStateId==4"", ""Add unit tests verifying cancelled:true is present only for orderStateId==4"", ""Deploy change and run smoke call against a cancelled order stop confirming cancelled:true""]",false,Completed,2026-01-22 17:37:40.752,,2026-03-02 16:52:28.532,"",2026-03-02 16:52:27.218,2026-03-02 16:52:28.532,,"cancelled, orderStateId, event-payload, API",,,,,(none)
"3e1be05ad38cc5d0babfe79d058cd174","Event Normalization, Localization, Timezones","Normalize raw stop events into canonical eventTypeKey values, apply inclusion rules, order events, and attach required metadata and timezone identifiers for client localization. Implements Assigned inclusion rules, emits a cancelled indicator when orderStateId == 4, returns ISO timestamps plus stop timezoneId per event, and omits inapplicable fields cleanly. Provides the data required for en_US and fr_CA localization without embedding localized strings.",Active,High,"8",3,false,"",2026-01-22 17:13:58.364,2026-01-22 17:13:58.364,8163,f57ca6c95dd751735ac723656eca2eac,Return ISO Timestamps for Each Event Live,"4b3d487653786b8296235baa36ed4b8f",High,"5",6,0,"Add an ISO-8601 timestamp field timestampISO to every event in the /stops/{stopId}/events response; values are full ISO strings with offset (e.g., 2026-03-14T15:09:26-07:00). Verification: call the endpoint and parse timestampISO for each event; confirm parsing succeeds and offsets are present.","Provide a single, machine-parseable timestamp field per event (ISO format) so clients can localize and order events reliably.","[""Implement conversion of raw timestamp fields to timestampISO (IETF RFC3339/ISO-8601) in serializer"", ""Add unit tests validating ISO formatting and presence of offset on sample events"", ""Integrate conversion into /stops/{stopId}/events and deploy behind feature flag"", ""Smoke call verifying timestampISO exists and parses with standard ISO parser""]",false,Completed,2026-01-22 17:37:40.767,,2026-03-04 21:23:19.026,"",2026-03-04 21:23:17.750,2026-03-04 21:23:19.026,,"timestampISO, ISO-8601, timestamps, API",,,,,"8164: Attach stop timezoneId to Each Event, 8167: Deduplicate and Resolve Conflicting Events Live, 8170: DST Boundary Timestamp Normalization Live, 8169: Handle Missing Timestamps and Fallback Timezone Logic"
"3e1be05ad38cc5d0babfe79d058cd174","Event Normalization, Localization, Timezones","Normalize raw stop events into canonical eventTypeKey values, apply inclusion rules, order events, and attach required metadata and timezone identifiers for client localization. Implements Assigned inclusion rules, emits a cancelled indicator when orderStateId == 4, returns ISO timestamps plus stop timezoneId per event, and omits inapplicable fields cleanly. Provides the data required for en_US and fr_CA localization without embedding localized strings.",Active,High,"8",3,false,"",2026-01-22 17:13:58.364,2026-01-22 17:13:58.364,8164,dd3635f0149df5819e3f6c7b621a7319,Attach stop timezoneId to Each Event,"4b3d487653786b8296235baa36ed4b8f",Medium-High,"4",5,0,"Include stop.timezoneId (IANA timezone string, e.g., ""America/Toronto"") on every event object returned by /stops/{stopId}/events as stop.timezoneId. Verification: request events for stops in different regions and confirm stop.timezoneId is present on each event.",Expose the stop's timezone identifier so clients can localize displayed times without embedding localized strings.,"[""Read stop.timezoneId from stop record and attach to each event as stop.timezoneId"", ""Add integration tests with stops having timezoneId set and missing"", ""Deploy change and run smoke calls for two stops in different timezones verifying stop.timezoneId present""]",false,Completed,2026-01-22 17:37:40.781,,2026-03-02 19:38:32.699,"",2026-03-02 19:38:31.497,2026-03-02 19:38:32.698,,"timezoneId, stop.timezoneId, IANA, localization",,,,,"8169: Handle Missing Timestamps and Fallback Timezone Logic"
"3e1be05ad38cc5d0babfe79d058cd174","Event Normalization, Localization, Timezones","Normalize raw stop events into canonical eventTypeKey values, apply inclusion rules, order events, and attach required metadata and timezone identifiers for client localization. Implements Assigned inclusion rules, emits a cancelled indicator when orderStateId == 4, returns ISO timestamps plus stop timezoneId per event, and omits inapplicable fields cleanly. Provides the data required for en_US and fr_CA localization without embedding localized strings.",Active,High,"8",3,false,"",2026-01-22 17:13:58.364,2026-01-22 17:13:58.364,8165,e55b2d5f55f1a5c397917c6c2a710869,Cleanly Omit Inapplicable Fields from Event Payloads,"4b3d487653786b8296235baa36ed4b8f",Medium-High,"4",5,0,"Sanitize event payloads so inapplicable fields are omitted rather than present with null/empty values; fields not relevant to an event (e.g., pickupWindow on a DROPOFF) will be absent. Verification: call /stops/{stopId}/events for mixed events and confirm inapplicable fields are not present in JSON output.",Reduce payload size and remove ambiguity for clients by removing fields that are not applicable to a given event type instead of returning nulls.,"[""Define per-eventTypeKey field applicability matrix for 10 common fields"", ""Update serializer to omit fields when not applicable instead of including nulls"", ""Add tests asserting absence of inapplicable fields for sample events"", ""Deploy and run endpoint checks verifying no null fields are returned for inapplicable cases""]",false,Completed,2026-01-22 17:37:40.795,,2026-03-02 21:01:22.467,"",2026-03-02 21:01:20.438,2026-03-02 21:01:22.467,,"payload-sanitization, omit-null, inapplicable-fields, API",,,,,"8161: Assigned Inclusion Filtering for Stop Events Live, 8160: Canonical eventTypeKey Normalization for Stop Events Live, 8167: Deduplicate and Resolve Conflicting Events Live"
"3e1be05ad38cc5d0babfe79d058cd174","Event Normalization, Localization, Timezones","Normalize raw stop events into canonical eventTypeKey values, apply inclusion rules, order events, and attach required metadata and timezone identifiers for client localization. Implements Assigned inclusion rules, emits a cancelled indicator when orderStateId == 4, returns ISO timestamps plus stop timezoneId per event, and omits inapplicable fields cleanly. Provides the data required for en_US and fr_CA localization without embedding localized strings.",Active,High,"8",3,false,"",2026-01-22 17:13:58.364,2026-01-22 17:13:58.364,8166,f95acccc1d2873760618f874b31ddd0c,Order Events Chronologically Across Timezones Live,"4b3d487653786b8296235baa36ed4b8f",High,"6",7,0,Return events ordered chronologically by normalized UTC timestamp across timezones in the /stops/{stopId}/events response. Verification: call the endpoint for a stop with events originating in multiple timezones and confirm events are strictly ordered by timestampISO ascending.,Provide a single canonical chronological ordering so clients can present a consistent timeline irrespective of event origin timezone.,"[""Normalize event timestamps to UTC (use timestampISO) during pipeline"", ""Sort events by timestampISO ascending; use sequenceNumber as deterministic tiebreaker"", ""Add integration test with events from multiple timezones and same local times to prove ordering"", ""Deploy ordering logic and run smoke test verifying chronological ordering""]",true,Completed,2026-01-22 17:37:40.808,,2026-03-05 19:55:08.641,"",2026-03-05 19:55:07.164,2026-03-05 19:55:08.640,,"ordering, chronological, timestamps, timezone-normalization",,,,,"8167: Deduplicate and Resolve Conflicting Events Live, 8163: Return ISO Timestamps for Each Event Live"
"3e1be05ad38cc5d0babfe79d058cd174","Event Normalization, Localization, Timezones","Normalize raw stop events into canonical eventTypeKey values, apply inclusion rules, order events, and attach required metadata and timezone identifiers for client localization. Implements Assigned inclusion rules, emits a cancelled indicator when orderStateId == 4, returns ISO timestamps plus stop timezoneId per event, and omits inapplicable fields cleanly. Provides the data required for en_US and fr_CA localization without embedding localized strings.",Active,High,"8",3,false,"",2026-01-22 17:13:58.364,2026-01-22 17:13:58.364,8167,fcd732ca84b57c261bf23842208b5631,Deduplicate and Resolve Conflicting Events Live,"4b3d487653786b8296235baa36ed4b8f",High,"7",7,0,Implement deduplication and conflict resolution so the /stops/{stopId}/events response contains a single canonical event when multiple identical or conflicting events exist. Verification: supply duplicate and conflicting events and confirm response contains one resolved event with chosen canonical fields (source of truth indicated by chosenEventSource or updatedAt preference).,"Remove duplicate noise and provide a deterministic conflict-resolution rule so clients receive a single, correct representation per real-world event.","[""Add dedupe step: collapse events with same stopId + eventTypeKey + timestampISO to one record"", ""Implement conflict resolution: prefer event with latest updatedAt; if updatedAt equal, prefer non-null critical fields (assignee, location)"", ""Add unit/integration tests for duplicate/conflicting event sets"", ""Deploy and validate via smoke calls that duplicates are removed and conflicts resolve deterministically""]",true,Completed,2026-01-22 17:37:40.823,,2026-03-06 19:08:51.150,"",2026-03-06 19:07:56.823,2026-03-06 19:08:51.150,,"deduplication, conflict-resolution, updatedAt, eventTypeKey",,,,,"8161: Assigned Inclusion Filtering for Stop Events Live, 8160: Canonical eventTypeKey Normalization for Stop Events Live"
"3e1be05ad38cc5d0babfe79d058cd174","Event Normalization, Localization, Timezones","Normalize raw stop events into canonical eventTypeKey values, apply inclusion rules, order events, and attach required metadata and timezone identifiers for client localization. Implements Assigned inclusion rules, emits a cancelled indicator when orderStateId == 4, returns ISO timestamps plus stop timezoneId per event, and omits inapplicable fields cleanly. Provides the data required for en_US and fr_CA localization without embedding localized strings.",Active,High,"8",3,false,"",2026-01-22 17:13:58.364,2026-01-22 17:13:58.364,8168,"12eff42e5d1c42c83094350b6ee28395",Attach Localization Metadata Keys for en_US and fr_CA,"4b3d487653786b8296235baa36ed4b8f",Medium-High,"5",6,0,"Attach localization metadata keys required by en_US and fr_CA clients to the events payload without embedding localized strings; each event will include a localization object: {""supportedLocales"":[""en_US"",""fr_CA""], ""preferredLocale"":null, ""units"":""metric|imperial""}. Verification: call /stops/{stopId}/events and confirm the localization object is present with supportedLocales including en_US and fr_CA.","Provide clients with the metadata needed to localize on the client side (locale identifiers, units hints, date-format key) while keeping strings out of the API.","[""Add localization object to event serializer with keys: supportedLocales, dateFormatKey, numberFormatKey, unitsHint"", ""Populate supportedLocales with [\""en_US\"",\""fr_CA\""] and include dateFormatKey placeholders (e.g., 'iso_datetime')"", ""Add tests confirming localization keys exist and contain both locales"", ""Deploy and run smoke request to confirm localization object present in responses""]",false,Completed,2026-01-22 17:37:40.839,,2026-03-03 19:26:09.283,"",2026-03-03 18:41:29.338,2026-03-03 19:26:09.283,,"localization, en_US, fr_CA, metadata",,,,,"8164: Attach stop timezoneId to Each Event, 8165: Cleanly Omit Inapplicable Fields from Event Payloads, 8163: Return ISO Timestamps for Each Event Live"
"3e1be05ad38cc5d0babfe79d058cd174","Event Normalization, Localization, Timezones","Normalize raw stop events into canonical eventTypeKey values, apply inclusion rules, order events, and attach required metadata and timezone identifiers for client localization. Implements Assigned inclusion rules, emits a cancelled indicator when orderStateId == 4, returns ISO timestamps plus stop timezoneId per event, and omits inapplicable fields cleanly. Provides the data required for en_US and fr_CA localization without embedding localized strings.",Active,High,"8",3,false,"",2026-01-22 17:13:58.364,2026-01-22 17:13:58.364,8169,b01ce24c1410bacb09826b213efcb8da,Handle Missing Timestamps and Fallback Timezone Logic,"4b3d487653786b8296235baa36ed4b8f",Medium-High,"6",6,0,"Implement handling for missing event timestamps and fallback timezone logic: when an event timestamp is missing, set timestampISO from stop.scheduledTimestamp if present; when stop.timezoneId is missing, fall back to 'UTC' and set timezoneFallback:true. Verification: submit events with missing timestamp and/or missing stop.timezoneId and confirm timestampISO and timezoneFallback are set as specified.","Ensure clients see a deterministic timestamp and timezone when source data is incomplete, enabling graceful degradation instead of failure.","[""Detect events missing timestamp and, if stop.scheduledTimestamp exists, set timestampISO to scheduledTimestamp converted to ISO"", ""If stop.timezoneId missing, set stop.timezoneId='UTC' and include timezoneFallback:true in event"", ""Add unit tests for (a) missing event timestamp with scheduledTimestamp present and (b) missing timezoneId case"", ""Deploy and run smoke tests verifying fallback behavior and flags are set""]",true,Completed,2026-01-22 17:37:40.853,,2026-03-05 20:08:46.976,"",2026-03-05 20:08:46.127,2026-03-05 20:08:46.976,,"fallbacks, missing-timestamp, timezone-fallback, robustness",,,,,(none)
"3e1be05ad38cc5d0babfe79d058cd174","Event Normalization, Localization, Timezones","Normalize raw stop events into canonical eventTypeKey values, apply inclusion rules, order events, and attach required metadata and timezone identifiers for client localization. Implements Assigned inclusion rules, emits a cancelled indicator when orderStateId == 4, returns ISO timestamps plus stop timezoneId per event, and omits inapplicable fields cleanly. Provides the data required for en_US and fr_CA localization without embedding localized strings.",Active,High,"8",3,false,"",2026-01-22 17:13:58.364,2026-01-22 17:13:58.364,8170,e941c0fb0985d43f70680eec5b67fd64,DST Boundary Timestamp Normalization Live,"4b3d487653786b8296235baa36ed4b8f",Medium-High,"7",7,0,Normalize timestamps around DST transitions by using the stop.timezoneId (IANA) and a timezone-aware library to produce correct timestampISO values and offsets for events near DST boundaries. Verification: provide test stops/events on DST transition dates and confirm timestampISO offsets reflect the correct pre/post-DST offset for each event.,Prevent off-by-one-hour errors and ordering anomalies at DST boundaries so clients see consistent and correct event times.,"[""Integrate timezone-aware conversion using IANA timezoneId when creating timestampISO"", ""Add regression tests with sample timestamps on DST start and end dates for target timezones (e.g., America/Toronto)"", ""Run pipeline on DST test data and assert resulting timestampISO offsets and ordering are correct"", ""Deploy conversion and run manual verification calls against DST samples""]",true,Completed,2026-01-22 17:37:40.867,,2026-03-06 15:11:24.368,"",2026-03-06 15:11:23.250,2026-03-06 15:11:24.368,,"DST, DST-normalization, timezoneId, timestamps",,,,,"8164: Attach stop timezoneId to Each Event"
"3e1be05ad38cc5d0babfe79d058cd174","Event Normalization, Localization, Timezones","Normalize raw stop events into canonical eventTypeKey values, apply inclusion rules, order events, and attach required metadata and timezone identifiers for client localization. Implements Assigned inclusion rules, emits a cancelled indicator when orderStateId == 4, returns ISO timestamps plus stop timezoneId per event, and omits inapplicable fields cleanly. Provides the data required for en_US and fr_CA localization without embedding localized strings.",Active,High,"8",3,false,"",2026-01-22 17:13:58.364,2026-01-22 17:13:58.364,8171,"00a35fbd18e15163a0d8b16fa584567e",Sample Payloads for en_US and fr_CA Clients Live,"4b3d487653786b8296235baa36ed4b8f",Medium-High,"5",6,0,"Publish two sample payloads that demonstrate the final event shape for en_US and fr_CA clients (including eventTypeKey, timestampISO, stop.timezoneId, cancelled indicator, localization metadata, and omitted fields). Verification: GET /samples/events?locale=en_US and ?locale=fr_CA return the appropriate sample JSON payloads.","Provide explicit, consumable examples clients can use to validate parsing and UI rendering without embedding localized strings.","[""Create canonical sample JSON for en_US including eventTypeKey, timestampISO with -05:00 offset, stop.timezoneId, cancelled:true example"", ""Create canonical sample JSON for fr_CA with timestampISO and stop.timezoneId 'America/Toronto', units hint set to metric"", ""Expose both samples at /samples/events?locale={locale} and add smoke tests that fetch and validate schema fields"", ""Deploy samples to API and confirm GET returns expected payloads""]",true,Completed,2026-01-22 17:37:40.886,,2026-03-03 19:36:51.502,"",2026-03-03 19:27:44.709,2026-03-03 19:36:51.502,,"samples, en_US, fr_CA, documentation, API",,,,,"8168: Attach Localization Metadata Keys for en_US and fr_CA, 8164: Attach stop timezoneId to Each Event, 8160: Canonical eventTypeKey Normalization for Stop Events Live, 8165: Cleanly Omit Inapplicable Fields from Event Payloads, 8167: Deduplicate and Resolve Conflicting Events Live, 8162: Emit Cancelled Indicator for Cancelled Orders, 8166: Order Events Chronologically Across Timezones Live, 8163: Return ISO Timestamps for Each Event Live"
"1141e0b75a616673d11346c7b385d3b3",Order Number Lookup API,"Expose a public HTTP endpoint to look up an Order Number and return either a single eligible order or an empty result set. Endpoint accepts the raw orderNumber string (case-sensitive, no trimming), forwards the request to Tracking Service via existing TCP message patterns, and returns the standardized response contract (orderNumber, structureTypeId, routes[]). Maintains traceId propagation and returns non-leaky, normalized error/empty responses suitable for public consumption.",Active,High,"6",2,false,"",2026-01-22 17:13:58.311,2026-01-22 17:13:58.311,8116,"93a5182f86ba304de6e09352856bd081",Public Order Lookup HTTP Endpoint Live,"4b3d487653786b8296235baa36ed4b8f",Medium-High,"4",6,0,"A public HTTP endpoint POST /public/v1/orders/lookup that accepts a JSON body {""orderNumber"": ""<raw string>""} and returns the standardized response contract (orderNumber, structureTypeId, routes[]) with a safe empty response when backend is not yet wired. Verified by a successful curl POST returning 200 and a response JSON containing those fields.","Ship a callable, customer-visible HTTP endpoint that validates presence of orderNumber and returns the expected contract shape so consumers can call and validate connectivity and schema.","[""Add POST route /public/v1/orders/lookup to API gateway"", ""Implement handler that reads JSON body field 'orderNumber' and validates presence (return 400 if missing)"", ""Return standardized response JSON with fields orderNumber, structureTypeId (null), routes: [] as the initial behavior"", ""Deploy handler behind feature flag 'public-order-lookup' to staging"", ""Run a smoke curl: POST /public/v1/orders/lookup with {\""orderNumber\"":\""TEST123\""} and verify 200 and response contains orderNumber and routes array""]",false,Completed,2026-01-22 17:26:34.361,,2026-03-02 18:21:50.908,"",2026-03-02 18:18:32.467,2026-03-02 18:21:50.908,,"HTTP, API Gateway, orderNumber, response-contract, staging",,,,,(none)
"1141e0b75a616673d11346c7b385d3b3",Order Number Lookup API,"Expose a public HTTP endpoint to look up an Order Number and return either a single eligible order or an empty result set. Endpoint accepts the raw orderNumber string (case-sensitive, no trimming), forwards the request to Tracking Service via existing TCP message patterns, and returns the standardized response contract (orderNumber, structureTypeId, routes[]). Maintains traceId propagation and returns non-leaky, normalized error/empty responses suitable for public consumption.",Active,High,"6",2,false,"",2026-01-22 17:13:58.311,2026-01-22 17:13:58.311,8117,"2a818d61ee188a707f42d91bde36aa15",Endpoint Forwards Raw orderNumber To Tracking Service,"4b3d487653786b8296235baa36ed4b8f",High,"6",6,0,"The endpoint handler forwards the raw orderNumber string (unchanged, case-sensitive, no trimming) to Tracking Service over the existing TCP message pattern and returns an immediate 202 Accepted with an internal request id. Verified by observing the exact orderNumber field in outbound TCP message logs and receiving 202 for a test lookup.",Implement one-day forwarding: read the raw orderNumber from the incoming request and send it to Tracking Service via the existing TCP messaging pattern so backend lookup can start.,"[""Extend handler from /public/v1/orders/lookup to create and send a TCP message to Tracking Service using the existing TCP pattern"", ""Include orderNumber exactly as received in the TCP payload (do not trim or alter case)"", ""Attach X-Trace-Id header value (or generate one) to the TCP metadata for propagation"", ""Log outbound TCP message with request id and orderNumber for verification"", ""Return HTTP 202 Accepted with {\""requestId\"":\""<internal-id>\""} to caller""]",true,Completed,2026-01-22 17:26:34.379,,2026-03-04 22:42:54.129,"",2026-03-04 21:57:52.321,2026-03-04 22:42:54.129,,"TCP, TrackingService, forwarding, orderNumber, traceId, 202",,,,,"8123: Case-Sensitive orderNumber Handling Without Trimming Live, 8116: Public Order Lookup HTTP Endpoint Live"
"1141e0b75a616673d11346c7b385d3b3",Order Number Lookup API,"Expose a public HTTP endpoint to look up an Order Number and return either a single eligible order or an empty result set. Endpoint accepts the raw orderNumber string (case-sensitive, no trimming), forwards the request to Tracking Service via existing TCP message patterns, and returns the standardized response contract (orderNumber, structureTypeId, routes[]). Maintains traceId propagation and returns non-leaky, normalized error/empty responses suitable for public consumption.",Active,High,"6",2,false,"",2026-01-22 17:13:58.311,2026-01-22 17:13:58.311,8118,c4a514a2d62203f6ad299600bb609b16,Eligible Order Response Mapped To Standard Contract,"4b3d487653786b8296235baa36ed4b8f",High,"7",7,0,"When Tracking Service returns an eligible match, the handler maps the tracking payload to the standardized public contract {orderNumber, structureTypeId, routes[]} and returns HTTP 200 with that JSON. Verified by sending a test TCP response fixture and confirming the endpoint returns the mapped fields and values.","Implement mapping logic that transforms Tracking Service match responses into the exact public contract so callers receive consistent, documented fields.","[""Add a mapping function that accepts Tracking Service payload and produces {orderNumber, structureTypeId, routes[]}"", ""Wire mapping into the HTTP handler to return 200 and the mapped contract on a successful TCP response"", ""Create a unit/integration test with a sample TCP 'match' payload and assert the returned JSON contains orderNumber, structureTypeId, and routes array"", ""Update API contract schema to document fields returned for happy path""]",true,Completed,2026-01-22 17:26:34.392,,2026-03-06 19:59:08.080,"",2026-03-06 19:41:47.246,2026-03-06 19:59:08.079,,"mapping, response-contract, TrackingService, orderNumber, structureTypeId, routes",,,,,"8123: Case-Sensitive orderNumber Handling Without Trimming Live, 8117: Endpoint Forwards Raw orderNumber To Tracking Service, 8116: Public Order Lookup HTTP Endpoint Live"
"1141e0b75a616673d11346c7b385d3b3",Order Number Lookup API,"Expose a public HTTP endpoint to look up an Order Number and return either a single eligible order or an empty result set. Endpoint accepts the raw orderNumber string (case-sensitive, no trimming), forwards the request to Tracking Service via existing TCP message patterns, and returns the standardized response contract (orderNumber, structureTypeId, routes[]). Maintains traceId propagation and returns non-leaky, normalized error/empty responses suitable for public consumption.",Active,High,"6",2,false,"",2026-01-22 17:13:58.311,2026-01-22 17:13:58.311,8119,"6595a971ca50d0e862d3a284adb89322",Empty Result Response Returned For No Matches,"4b3d487653786b8296235baa36ed4b8f",Medium-High,"5",6,0,"When Tracking Service returns no matching orders, the endpoint returns a standardized empty result: HTTP 200 with JSON containing the original orderNumber, structureTypeId: null, and routes: []. Verified by simulating a TCP 'no matches' response and confirming the returned JSON has routes as an empty array and no backend details leaked.","Ensure callers see a consistent, non-leaky empty response shape when no matches exist so public consumers can treat empty as a valid, stable response.","[""Implement handler branch for 'no matches' TCP response to build {orderNumber: <sent>, structureTypeId: null, routes: []}"", ""Ensure no internal error or backend identifiers are returned to caller"", ""Add a test that simulates TCP no-match and asserts 200 and routes: []"", ""Deploy change to staging and run curl test to confirm behavior""]",true,Completed,2026-01-22 17:26:34.406,,2026-03-03 17:29:55.685,"",2026-03-03 17:11:48.403,2026-03-03 17:29:55.685,,"empty-response, no-matches, response-contract, TrackingService",,,,,"8123: Case-Sensitive orderNumber Handling Without Trimming Live, 8117: Endpoint Forwards Raw orderNumber To Tracking Service, 8116: Public Order Lookup HTTP Endpoint Live"
"1141e0b75a616673d11346c7b385d3b3",Order Number Lookup API,"Expose a public HTTP endpoint to look up an Order Number and return either a single eligible order or an empty result set. Endpoint accepts the raw orderNumber string (case-sensitive, no trimming), forwards the request to Tracking Service via existing TCP message patterns, and returns the standardized response contract (orderNumber, structureTypeId, routes[]). Maintains traceId propagation and returns non-leaky, normalized error/empty responses suitable for public consumption.",Active,High,"6",2,false,"",2026-01-22 17:13:58.311,2026-01-22 17:13:58.311,8120,aaf56556df10ae9eb1cf9a14f583cba9,Trace ID Propagated And Returned In Header,"4b3d487653786b8296235baa36ed4b8f",High,"5",6,0,Incoming X-Trace-Id header (if present) is propagated into the TCP metadata sent to Tracking Service and the same trace id is returned in the HTTP response header X-Trace-Id; if absent a UUID v4 trace id is generated and used. Verified by sending requests with and without X-Trace-Id and observing the same value returned in the response header and present in outbound TCP metadata logs.,"Implement trace id propagation end-to-end for observability: accept or generate X-Trace-Id, forward it to backend, and echo it back to the caller in the response header.","[""Read X-Trace-Id from incoming HTTP request or create a UUID v4 when missing"", ""Attach X-Trace-Id value to TCP metadata when sending to Tracking Service"", ""Ensure the HTTP response includes header X-Trace-Id with the same value"", ""Add unit/integration tests: one with supplied X-Trace-Id, one without; assert outbound TCP metadata and returned header match""]",true,Completed,2026-01-22 17:26:34.421,,2026-03-05 15:29:11.889,"",2026-03-05 15:07:23.240,2026-03-05 15:29:11.889,,"traceId, X-Trace-Id, observability, TCP, headers",,,,,"8117: Endpoint Forwards Raw orderNumber To Tracking Service, 8116: Public Order Lookup HTTP Endpoint Live"
"1141e0b75a616673d11346c7b385d3b3",Order Number Lookup API,"Expose a public HTTP endpoint to look up an Order Number and return either a single eligible order or an empty result set. Endpoint accepts the raw orderNumber string (case-sensitive, no trimming), forwards the request to Tracking Service via existing TCP message patterns, and returns the standardized response contract (orderNumber, structureTypeId, routes[]). Maintains traceId propagation and returns non-leaky, normalized error/empty responses suitable for public consumption.",Active,High,"6",2,false,"",2026-01-22 17:13:58.311,2026-01-22 17:13:58.311,8121,"774f6d0e62170447a1127e07b18ace56",Normalized Public Error Responses For Backend Failures,"4b3d487653786b8296235baa36ed4b8f",High,"7",7,0,"Backend failures (TCP timeouts, connection errors, downstream 5xx) surface as normalized public HTTP errors (502 or 504) with a safe JSON error payload {errorCode, message} that contains no internal stack traces. Verified by simulating TCP failures and confirming the public error response and HTTP status codes.","Map internal backend failures into a small set of normalized, non-leaky public error responses so external callers get stable, documented error semantics.","[""Implement error mapping layer catching TCP timeouts and connection errors"", ""Return HTTP 502 with {errorCode: 'PUBLIC_BACKEND_ERROR', message: 'Temporary backend failure'} for connection/refused errors"", ""Return HTTP 504 with {errorCode: 'PUBLIC_BACKEND_TIMEOUT', message: 'Backend lookup timed out'} for timeouts"", ""Ensure internal error details are logged internally but not returned to caller"", ""Add tests that inject TCP timeout and connection error and assert correct HTTP status and normalized JSON""]",true,Completed,2026-01-22 17:26:34.439,,2026-03-06 15:11:57.997,"",2026-03-06 15:11:56.492,2026-03-06 15:11:57.996,,"error-handling, normalized-errors, 502, 504, TCP, public-api",,,,,"8117: Endpoint Forwards Raw orderNumber To Tracking Service, 8116: Public Order Lookup HTTP Endpoint Live"
"1141e0b75a616673d11346c7b385d3b3",Order Number Lookup API,"Expose a public HTTP endpoint to look up an Order Number and return either a single eligible order or an empty result set. Endpoint accepts the raw orderNumber string (case-sensitive, no trimming), forwards the request to Tracking Service via existing TCP message patterns, and returns the standardized response contract (orderNumber, structureTypeId, routes[]). Maintains traceId propagation and returns non-leaky, normalized error/empty responses suitable for public consumption.",Active,High,"6",2,false,"",2026-01-22 17:13:58.311,2026-01-22 17:13:58.311,8122,c42bceefe8978b2137faa44bc7949cad,Single Eligible Selection On Duplicate Tracking Matches,"4b3d487653786b8296235baa36ed4b8f",Medium-High,"6",6,0,"When Tracking Service returns multiple eligible tracking matches, the endpoint deterministically selects a single eligible match (first eligible in Tracking Service response order) and returns it in the standard contract. Verified by feeding a TCP response with multiple eligible matches and confirming the endpoint returns exactly one order entry mapped to the contract.",Ensure the public API always returns at most one eligible order by applying a deterministic selection rule so consumers receive a single consistent result when duplicates exist.,"[""Implement selection rule: filter tracking response items for eligible==true and choose the first item in returned order"", ""Map the selected item to the public contract {orderNumber, structureTypeId, routes[]} and return 200"", ""If no eligible items after filtering, return the empty-result contract (routes: [])"", ""Add an integration test with a TCP fixture containing two eligible matches and assert exactly one returned and it matches the first eligible entry""]",true,Completed,2026-01-22 17:26:34.453,,2026-03-05 17:01:29.523,"",2026-03-05 16:51:43.588,2026-03-05 17:01:29.523,,"deduplication, selection-rule, eligible, TrackingService, response-contract",,,,,"8123: Case-Sensitive orderNumber Handling Without Trimming Live, 8118: Eligible Order Response Mapped To Standard Contract, 8117: Endpoint Forwards Raw orderNumber To Tracking Service, 8116: Public Order Lookup HTTP Endpoint Live"
"1141e0b75a616673d11346c7b385d3b3",Order Number Lookup API,"Expose a public HTTP endpoint to look up an Order Number and return either a single eligible order or an empty result set. Endpoint accepts the raw orderNumber string (case-sensitive, no trimming), forwards the request to Tracking Service via existing TCP message patterns, and returns the standardized response contract (orderNumber, structureTypeId, routes[]). Maintains traceId propagation and returns non-leaky, normalized error/empty responses suitable for public consumption.",Active,High,"6",2,false,"",2026-01-22 17:13:58.311,2026-01-22 17:13:58.311,8123,"4e51a56ea95d86dfc5e5b618e5275271",Case-Sensitive orderNumber Handling Without Trimming Live,"4b3d487653786b8296235baa36ed4b8f",Medium-High,"3",4,0,Input handling enforces that orderNumber is treated exactly as supplied: case-sensitive and without trimming whitespace. Verified by sending requests with differing case and leading/trailing spaces and confirming requests are forwarded and produce distinct results or no-match as appropriate.,Make sure the public endpoint preserves the raw orderNumber semantics (case and whitespace) so callers relying on exact strings get predictable behavior.,"[""Remove any server-side trimming or case-normalization from the request parsing logic"", ""Ensure JSON schema validation accepts strings with leading/trailing whitespace"", ""Add unit test cases: one with uppercase vs lowercase orderNumber and one with leading/trailing spaces; assert outbound TCP payload matches input exactly"", ""Run smoke test to verify different-cased orderNumbers produce different responses or correct no-match behavior""]",true,Completed,2026-01-22 17:26:34.472,,2026-02-27 20:12:55.718,"",2026-02-27 20:01:25.541,2026-02-27 20:12:55.717,,"input-validation, case-sensitive, orderNumber, no-trim, TCP",,,,,"8116: Public Order Lookup HTTP Endpoint Live"
"1141e0b75a616673d11346c7b385d3b3",Order Number Lookup API,"Expose a public HTTP endpoint to look up an Order Number and return either a single eligible order or an empty result set. Endpoint accepts the raw orderNumber string (case-sensitive, no trimming), forwards the request to Tracking Service via existing TCP message patterns, and returns the standardized response contract (orderNumber, structureTypeId, routes[]). Maintains traceId propagation and returns non-leaky, normalized error/empty responses suitable for public consumption.",Active,High,"6",2,false,"",2026-01-22 17:13:58.311,2026-01-22 17:13:58.311,8124,c2762adc118f7b42551d0c08fbf4786a,End-to-End Public Lookup Flow Live With TCP,"4b3d487653786b8296235baa36ed4b8f",High,"8",8,0,"Complete end-to-end public lookup flow: a caller can POST /public/v1/orders/lookup with a raw orderNumber, the request is forwarded via TCP to Tracking Service, Tracking responds with a match, and the mapped standardized contract is returned with X-Trace-Id in the response header. Verified by an end-to-end integration test against the real or test Tracking Service that returns the expected contract and header.",Validate the full integration path (HTTP -> TCP -> Tracking Service -> mapping -> HTTP response) so stakeholders can verify a production-like happy path today.,"[""Deploy the endpoint and TCP forwarding to the staging environment and point to the Tracking Service test instance"", ""Run an end-to-end integration test: POST /public/v1/orders/lookup with a known test orderNumber that Tracking Service will match"", ""Assert HTTP 200, response JSON contains mapped orderNumber, structureTypeId, routes[], and response header X-Trace-Id is present"", ""Collect and verify outbound TCP message and inbound TCP response logs for the same trace id to confirm propagation""]",true,Completed,2026-01-22 17:26:34.484,,2026-03-06 20:50:14.561,"",2026-03-06 20:41:48.264,2026-03-06 20:50:14.561,,"end-to-end, integration, TCP, TrackingService, traceId, public-api",,,,,"8123: Case-Sensitive orderNumber Handling Without Trimming Live, 8118: Eligible Order Response Mapped To Standard Contract, 8117: Endpoint Forwards Raw orderNumber To Tracking Service, 8116: Public Order Lookup HTTP Endpoint Live, 8120: Trace ID Propagated And Returned In Header"
"36b26ac2592b70d547b67d7699aa9295",Order Retrieval and Permission Enforcement,"Query legacy systems to resolve an exact Order Number match and enforce eligibility and customer permission rules server-side. The service returns the order plus related stops, events, and package associations in a single aggregated payload, or an explicit empty response when not permitted or not eligible. Uses existing NestJS controller→service→repository patterns and TCP wrappers to call FMT, ensuring certificate handling and trace propagation.",Active,High,"7",3,false,"",2026-01-22 17:13:58.333,2026-01-22 17:13:58.333,8150,"7c840c1aff9afdad1c5308e2eaaff712",Exact Order Number Lookup API Live,"4b3d487653786b8296235baa36ed4b8f",High,"3",4,0,"Adds a callable NestJS HTTP endpoint GET /orders/lookup?orderNumber={orderNumber} in OrdersController that returns 200 with a minimal Order payload (orderNumber, id) for an exact in-memory match and 404 when not found. Verification: curl the endpoint for orderNumber ""TEST-12345"" and observe 200 with JSON order, and curl with ""NO-SUCH-ORDER"" to receive 404.",Provide a customer-visible exact-order lookup API surface so callers can validate order-number-based lookups before wiring legacy FMT integration.,"[""Add OrdersController GET /orders/lookup?orderNumber route"", ""Implement OrderService.lookupExact(orderNumber) calling an in-memory Repository stub with a sample order (orderNumber: TEST-12345)"", ""Return 200 + minimal Order DTO on exact match and 404 when repository returns null"", ""Add integration test that curls endpoint and asserts 200/JSON for TEST-12345 and 404 for NO-SUCH-ORDER"", ""Start dev server and perform manual curl verification""]",false,Completed,2026-01-22 17:34:57.224,,2026-02-27 15:46:52.944,"",2026-02-27 14:09:23.095,2026-02-27 15:46:52.943,,"NestJS, HTTP, GET /orders/lookup, Order DTO, exact-match",,,,,(none)
"36b26ac2592b70d547b67d7699aa9295",Order Retrieval and Permission Enforcement,"Query legacy systems to resolve an exact Order Number match and enforce eligibility and customer permission rules server-side. The service returns the order plus related stops, events, and package associations in a single aggregated payload, or an explicit empty response when not permitted or not eligible. Uses existing NestJS controller→service→repository patterns and TCP wrappers to call FMT, ensuring certificate handling and trace propagation.",Active,High,"7",3,false,"",2026-01-22 17:13:58.333,2026-01-22 17:13:58.333,8151,"95765c9e545d84753b8397e043ea034f",Order Lookup Backed by FMT Legacy Query,"4b3d487653786b8296235baa36ed4b8f",High,"6",6,0,"Replaces the in-memory repository lookup with a call to the FMT legacy query via the TCP wrapper (FmtTcpClient.queryOrder(orderNumber)). The endpoint returns 200 with the mapped Order payload when the FMT wrapper returns a match, and 404 when FMT reports not found. Verification: call GET /orders/lookup?orderNumber=FMT-0001 with the TCP wrapper mocked to return a sample FMT legacy order and observe the mapped response.",Back the order lookup API with the FMT legacy query so the service returns production-shaped Order data from the legacy system.,"[""Implement OrderService.lookupUsingFmt(orderNumber) that calls FmtTcpClient.queryOrder(orderNumber)"", ""Map FMT legacy fields to Order DTO (id, orderNumber, customerId)"", ""Wire a feature flag/useFmtQuery config toggle to route lookup to FmtTcpClient for this drop"", ""Add unit test mocking FmtTcpClient to return a sample legacy payload and assert mapping to Order DTO"", ""Manual verification: curl GET /orders/lookup?orderNumber=FMT-0001 and confirm 200 + mapped JSON""]",true,Completed,2026-01-22 17:34:57.239,,2026-02-27 18:35:28.758,"",2026-02-27 18:33:04.681,2026-02-27 18:35:28.758,,"NestJS, FMT, TCP, FmtTcpClient, legacy-query, feature-flag, mapping",,,,,"8150: Exact Order Number Lookup API Live, 8158: TCP FMT Call with Certificate and Trace Propagation Live"
"36b26ac2592b70d547b67d7699aa9295",Order Retrieval and Permission Enforcement,"Query legacy systems to resolve an exact Order Number match and enforce eligibility and customer permission rules server-side. The service returns the order plus related stops, events, and package associations in a single aggregated payload, or an explicit empty response when not permitted or not eligible. Uses existing NestJS controller→service→repository patterns and TCP wrappers to call FMT, ensuring certificate handling and trace propagation.",Active,High,"7",3,false,"",2026-01-22 17:13:58.333,2026-01-22 17:13:58.333,8152,e76d001f2200e78fbb95934808cccd4c,Aggregated Order Payload Returns Related Stops,"4b3d487653786b8296235baa36ed4b8f",Medium-High,"5",6,0,"Extends the aggregated Order response to include a top-level ""stops"" array (each stop has stopId, sequence, address) populated from the FMT query result or repository. Verification: call GET /orders/lookup?orderNumber=FMT-0001 and confirm response includes stops array with at least one stop object.",Return related stop data in the same aggregated payload so callers receive order + stops in a single response.,"[""Add stops: StopDTO to Order DTO (stopId, sequence, address)"", ""Map FMT response stops to Order.stops within OrderService after successful lookup"", ""Add integration test mocking FmtTcpClient to include stops and assert stops present in HTTP response"", ""Update OpenAPI spec for /orders/lookup to show stops array"", ""Manual verification: curl endpoint and validate stops array fields""]",true,Completed,2026-01-22 17:34:57.253,,2026-02-27 17:23:49.404,"",2026-02-27 17:20:53.460,2026-02-27 17:23:49.404,,"aggregation, stops, Order DTO, FMT, mapping, OpenAPI",,,,,"8151: Order Lookup Backed by FMT Legacy Query"
"36b26ac2592b70d547b67d7699aa9295",Order Retrieval and Permission Enforcement,"Query legacy systems to resolve an exact Order Number match and enforce eligibility and customer permission rules server-side. The service returns the order plus related stops, events, and package associations in a single aggregated payload, or an explicit empty response when not permitted or not eligible. Uses existing NestJS controller→service→repository patterns and TCP wrappers to call FMT, ensuring certificate handling and trace propagation.",Active,High,"7",3,false,"",2026-01-22 17:13:58.333,2026-01-22 17:13:58.333,8153,f212e906230d238b33c7baf798c47d0c,Aggregated Payload Includes Related Events,"4b3d487653786b8296235baa36ed4b8f",Medium-High,"5",6,0,"Adds an ""events"" array to the aggregated Order payload; each event includes eventId, timestamp, and type sourced from the FMT legacy response. Verification: call GET /orders/lookup?orderNumber=FMT-0001 and confirm the response contains an events array with expected event objects.",Include related event history in the single aggregated order response to avoid separate event lookups for clients.,"[""Define EventDTO (eventId,timestamp,type) and add to Order DTO"", ""Map FMT legacy events to Order.events within OrderService after lookup"", ""Add integration test mocking FmtTcpClient to return events and assert events present in HTTP response"", ""Update /orders/lookup OpenAPI schema to include events"", ""Manual curl verification to confirm events array and example values""]",true,Completed,2026-01-22 17:34:57.266,,2026-02-27 17:41:06.299,"",2026-02-27 17:26:37.269,2026-02-27 17:41:06.298,,"aggregation, events, Order DTO, FMT, mapping, OpenAPI",,,,,"8151: Order Lookup Backed by FMT Legacy Query"
"36b26ac2592b70d547b67d7699aa9295",Order Retrieval and Permission Enforcement,"Query legacy systems to resolve an exact Order Number match and enforce eligibility and customer permission rules server-side. The service returns the order plus related stops, events, and package associations in a single aggregated payload, or an explicit empty response when not permitted or not eligible. Uses existing NestJS controller→service→repository patterns and TCP wrappers to call FMT, ensuring certificate handling and trace propagation.",Active,High,"7",3,false,"",2026-01-22 17:13:58.333,2026-01-22 17:13:58.333,8154,"1f1bc31efb7311859a86ad797ca37e78",Aggregated Payload Includes Package Associations,"4b3d487653786b8296235baa36ed4b8f",Medium-High,"5",6,0,"Includes a ""packages"" array in the aggregated Order payload representing package associations (packageId, trackingNumber, weight) sourced from the FMT response. Verification: call GET /orders/lookup?orderNumber=FMT-0001 and observe packages[] in the JSON response with expected fields.","Return package associations with the order so clients receive order, stops, events and packages in one call.","[""Add PackageDTO (packageId,trackingNumber,weight) to Order DTO"", ""Map FMT legacy package associations into Order.packages in OrderService"", ""Write integration test mocking FmtTcpClient to include packages and verify HTTP response payload"", ""Update OpenAPI for /orders/lookup to list packages"", ""Manual verification: curl endpoint and confirm packages array is present""]",true,Completed,2026-01-22 17:34:57.288,,2026-02-27 17:06:23.578,"",2026-02-27 16:52:13.150,2026-02-27 17:06:23.577,,"aggregation, packages, Order DTO, FMT, mapping, OpenAPI",,,,,"8151: Order Lookup Backed by FMT Legacy Query"
"36b26ac2592b70d547b67d7699aa9295",Order Retrieval and Permission Enforcement,"Query legacy systems to resolve an exact Order Number match and enforce eligibility and customer permission rules server-side. The service returns the order plus related stops, events, and package associations in a single aggregated payload, or an explicit empty response when not permitted or not eligible. Uses existing NestJS controller→service→repository patterns and TCP wrappers to call FMT, ensuring certificate handling and trace propagation.",Active,High,"7",3,false,"",2026-01-22 17:13:58.333,2026-01-22 17:13:58.333,8155,e2d7bdfe784db9d57c5920b8d0030512,Enforce Customer Permission Rule Returns Empty,"4b3d487653786b8296235baa36ed4b8f",High,"6",6,0,Implements a server-side customer permission check that returns 403 Forbidden with an empty body when the caller (identified via X-Customer-ID header) lacks permission for the requested order. Verification: call GET /orders/lookup?orderNumber=FMT-0001 with X-Customer-ID:2002 (mocked as unauthorized) and confirm 403 with empty response body.,Enforce customer permission rules server-side so unauthorized callers receive an explicit empty/denied response instead of order data.,"[""Add PermissionService.checkCustomerPermission(customerId,orderNumber) call in OrderService flow"", ""Read X-Customer-ID header in OrdersController and pass to service"", ""On false permission result, respond 403 Forbidden with empty body"", ""Add unit tests that mock PermissionService to return false and assert 403"", ""Manual curl verification with X-Customer-ID header showing 403 + empty response""]",true,Completed,2026-01-22 17:34:57.302,,2026-02-27 18:44:09.078,"",2026-02-27 18:35:33.025,2026-02-27 18:44:09.077,,"authorization, permission, X-Customer-ID, HTTP 403, security",,,,,"8151: Order Lookup Backed by FMT Legacy Query"
"36b26ac2592b70d547b67d7699aa9295",Order Retrieval and Permission Enforcement,"Query legacy systems to resolve an exact Order Number match and enforce eligibility and customer permission rules server-side. The service returns the order plus related stops, events, and package associations in a single aggregated payload, or an explicit empty response when not permitted or not eligible. Uses existing NestJS controller→service→repository patterns and TCP wrappers to call FMT, ensuring certificate handling and trace propagation.",Active,High,"7",3,false,"",2026-01-22 17:13:58.333,2026-01-22 17:13:58.333,8156,"3ddb0afb8bb9de471805c26161fa3848",Enforce Eligibility Rule Returns Empty Response,"4b3d487653786b8296235baa36ed4b8f",High,"6",6,0,"Implements server-side eligibility enforcement: if EligibilityService.isOrderEligible(orderNumber) returns false, the API returns 204 No Content (explicit empty response). Verification: call GET /orders/lookup?orderNumber=FMT-0002 where EligibilityService is mocked to return false and confirm 204 No Content.",Ensure ineligible orders produce an explicit empty response so clients can distinguish eligibility failure from found/denied cases.,"[""Call EligibilityService.isOrderEligible(orderNumber) at start of OrderService.lookup flow"", ""If false, short-circuit and return 204 No Content"", ""Add unit/integration test mocking EligibilityService to return false and assert 204"", ""Manual curl verification using an order flagged in test stub to produce 204""]",true,Completed,2026-01-22 17:34:57.315,,2026-02-27 18:11:40.589,"",2026-02-27 18:11:34.837,2026-02-27 18:11:40.589,,"eligibility, HTTP 204, EligibilityService, short-circuit",,,,,"8151: Order Lookup Backed by FMT Legacy Query"
"36b26ac2592b70d547b67d7699aa9295",Order Retrieval and Permission Enforcement,"Query legacy systems to resolve an exact Order Number match and enforce eligibility and customer permission rules server-side. The service returns the order plus related stops, events, and package associations in a single aggregated payload, or an explicit empty response when not permitted or not eligible. Uses existing NestJS controller→service→repository patterns and TCP wrappers to call FMT, ensuring certificate handling and trace propagation.",Active,High,"7",3,false,"",2026-01-22 17:13:58.333,2026-01-22 17:13:58.333,8157,"6d8c963212c2a0a4f40e6be9e59fca3d",Distinct Responses for Not Found vs Denied,"4b3d487653786b8296235baa36ed4b8f",High,"5",6,0,"Implements distinct HTTP behaviors: 404 Not Found when order doesn't exist, 403 Forbidden with empty body when permission denied, and 204 No Content when not eligible. Verification: three curl requests demonstrating 404 (NO-SUCH-ORDER), 403 (X-Customer-ID unauthorized), and 204 (ineligible order) respectively.","Provide unambiguous, customer-visible response codes so callers can programmatically distinguish not-found, denied, and ineligible cases.","[""Centralize error/response mapping in OrdersController to return 404/403/204 per condition"", ""Add end-to-end tests covering not-found vs permission-denied vs not-eligible scenarios"", ""Update OpenAPI responses for /orders/lookup to list 200,404,403,204 responses"", ""Manual verification: run three curl cases and record status codes and bodies""]",true,Completed,2026-01-22 17:34:57.328,,2026-02-27 17:59:27.916,"",2026-02-27 17:57:18.275,2026-02-27 17:59:27.916,,"HTTP-status-codes, 404, 403, 204, error-mapping, OpenAPI",,,,,"8155: Enforce Customer Permission Rule Returns Empty, 8156: Enforce Eligibility Rule Returns Empty Response, 8151: Order Lookup Backed by FMT Legacy Query"
"36b26ac2592b70d547b67d7699aa9295",Order Retrieval and Permission Enforcement,"Query legacy systems to resolve an exact Order Number match and enforce eligibility and customer permission rules server-side. The service returns the order plus related stops, events, and package associations in a single aggregated payload, or an explicit empty response when not permitted or not eligible. Uses existing NestJS controller→service→repository patterns and TCP wrappers to call FMT, ensuring certificate handling and trace propagation.",Active,High,"7",3,false,"",2026-01-22 17:13:58.333,2026-01-22 17:13:58.333,8158,c666ebe169ab49736640f8911b07b65f,TCP FMT Call with Certificate and Trace Propagation Live,"4b3d487653786b8296235baa36ed4b8f",High,"8",7,0,Implements the FmtTcpClient TCP wrapper to perform a TLS/TCP call to FMT using the client certificate path from config (FMT_CLIENT_CERT_PATH) and to propagate incoming request trace id (X-Trace-Id) into the TCP call metadata. Verification: run integration test where FmtTcpClient is stubbed to assert TLS options include the configured certificate and that the outgoing TCP payload contains the X-Trace-Id value.,"Establish a secure, trace-propagating TCP integration to FMT so legacy queries use the certificate and carry trace context for observability.","[""Implement FmtTcpClient to load client cert from config FMT_CLIENT_CERT_PATH and attach to TLS options"", ""Add logic to FmtTcpClient.queryOrder to accept traceId and include it in TCP metadata/payload"", ""Add unit test that mocks net/TLS socket and asserts TLS options include cert and payload includes traceId"", ""Wire OrdersController to forward incoming X-Trace-Id to OrderService which passes it to FmtTcpClient"", ""Manual verification using integration test that asserts certificate load and trace propagation""]",true,Completed,2026-01-22 17:34:57.341,,2026-02-27 18:56:29.220,"",2026-02-27 18:44:33.447,2026-02-27 18:56:29.220,,"TCP, FMT, TLS, certificate, FmtTcpClient, trace-propagation, X-Trace-Id",,,,,(none)
"36b26ac2592b70d547b67d7699aa9295",Order Retrieval and Permission Enforcement,"Query legacy systems to resolve an exact Order Number match and enforce eligibility and customer permission rules server-side. The service returns the order plus related stops, events, and package associations in a single aggregated payload, or an explicit empty response when not permitted or not eligible. Uses existing NestJS controller→service→repository patterns and TCP wrappers to call FMT, ensuring certificate handling and trace propagation.",Active,High,"7",3,false,"",2026-01-22 17:13:58.333,2026-01-22 17:13:58.333,8159,"5edd01d73affe5f57f695880d6b51667",Reject Partial Matches and Return Only Exact Matches,"4b3d487653786b8296235baa36ed4b8f",Medium-High,"4",4,0,"Ensures the lookup logic rejects partial/fuzzy matches and returns only exact order_number equality. Calls with partial strings (e.g., ?orderNumber=TEST) return 404. Verification: curl GET /orders/lookup?orderNumber=TEST and confirm 404 while GET /orders/lookup?orderNumber=TEST-12345 returns 200.",Prevent accidental partial matches from returning incorrect order data; require exact orderNumber equality server-side.,"[""Update repository/FmtTcpClient query filters to use strict equality on orderNumber rather than LIKE/fuzzy matching"", ""Add unit tests asserting partial inputs produce no match and exact inputs produce a match"", ""Add integration test: curl with partial string returns 404; exact string returns 200"", ""Manual verification: run the two curl cases and confirm expected statuses""]",true,Completed,2026-01-22 17:34:57.355,,2026-02-27 16:07:19.948,"",2026-02-27 16:07:18.336,2026-02-27 16:07:19.948,,"exact-match, validation, repository, FMT, HTTP 404",,,,,"8151: Order Lookup Backed by FMT Legacy Query"
be55e478d5971e779f6dce15cb309e24,Public Endpoint Security and Observability,"Harden the public Order Number endpoint with rate limiting, non-leaky error behavior, and structured observability to mitigate enumeration and abuse. Implement request throttling at the API Gateway and defensive guards in Tracking Service, emit audit logs with traceId and minimal context, and export metrics for lookup attempts, throttles, and failures for anomaly detection. Ensure responses avoid revealing existence or permission details while still supporting debugging via traceIds in logs.",Active,High,"7",2,false,"",2026-01-22 17:13:58.379,2026-01-22 17:13:58.379,8139,"4dacd6be16e896e9335eb55ca653290c",API Gateway Per-IP Rate Limiting Enforced,"4b3d487653786b8296235baa36ed4b8f",High,"6",6,0,"API Gateway per-client-IP rate limit rule (keyed by X-Forwarded-For / source IP) for the public order lookup endpoint (GET /public/orders/lookup?orderNumber=...) is deployed and enforcing a single-IP quota (e.g., 30 req/min). Verification: repeat requests from same IP exceed the quota and the gateway returns 429 responses.",Prevent enumeration and abuse from a single IP by enforcing a per-IP request quota at the API Gateway for the public Order Number lookup endpoint.,"[""Add/modify API Gateway rate-limit policy with key=client IP (X-Forwarded-For) for route GET /public/orders/lookup and limit=30/min"", ""Deploy policy to API Gateway stage (canary then promote)"", ""From a single test IP, send 40 GET requests to /public/orders/lookup and confirm gateway returns 429 for requests above 30"", ""Capture gateway access logs showing rate-limit counter and client IP for at least one throttled request""]",false,Completed,2026-01-22 17:32:27.716,,2026-03-05 19:08:17.971,"",2026-03-05 19:08:17.025,2026-03-05 19:08:17.971,,"API-Gateway, rate-limit, per-IP, security, orders, throttle",,,,,(none)
be55e478d5971e779f6dce15cb309e24,Public Endpoint Security and Observability,"Harden the public Order Number endpoint with rate limiting, non-leaky error behavior, and structured observability to mitigate enumeration and abuse. Implement request throttling at the API Gateway and defensive guards in Tracking Service, emit audit logs with traceId and minimal context, and export metrics for lookup attempts, throttles, and failures for anomaly detection. Ensure responses avoid revealing existence or permission details while still supporting debugging via traceIds in logs.",Active,High,"7",2,false,"",2026-01-22 17:13:58.379,2026-01-22 17:13:58.379,8140,"24e6e490ae91bb544a344e1082be5caf",API Gateway Global Burst Throttle Active,"4b3d487653786b8296235baa36ed4b8f",Medium-High,"6",6,0,"A global burst throttle (gateway-level burst/bucket) is configured and active for the Order lookup API to limit short-term spikes (e.g., global burst capacity and sustained RPS cap). Verification: running a concurrent load test against GET /public/orders/lookup triggers throttle responses once the global burst cap is exceeded.",Limit aggregate short-term request spikes against the public endpoint to reduce abuse and protect backend services.,"[""Configure API Gateway global burst throttle (set burst size and sustained RPS cap) for the public API stage"", ""Deploy the global throttle configuration"", ""Run a concurrent load test (e.g., 200+ parallel requests) against GET /public/orders/lookup and confirm gateway returns 429/503 per throttle policy"", ""Collect gateway metrics/logs showing global throttle counters during the test""]",false,Completed,2026-01-22 17:32:27.733,,2026-03-04 20:49:50.257,"",2026-03-04 20:20:24.111,2026-03-04 20:49:50.257,,"API-Gateway, burst-throttle, RPS, load-control, orders",,,,,(none)
be55e478d5971e779f6dce15cb309e24,Public Endpoint Security and Observability,"Harden the public Order Number endpoint with rate limiting, non-leaky error behavior, and structured observability to mitigate enumeration and abuse. Implement request throttling at the API Gateway and defensive guards in Tracking Service, emit audit logs with traceId and minimal context, and export metrics for lookup attempts, throttles, and failures for anomaly detection. Ensure responses avoid revealing existence or permission details while still supporting debugging via traceIds in logs.",Active,High,"7",2,false,"",2026-01-22 17:13:58.379,2026-01-22 17:13:58.379,8141,"0b7b9b82c9bccb226137157de4863957",Order Number Endpoint Returns Non-Revealing Errors,"4b3d487653786b8296235baa36ed4b8f",High,"7",8,0,"Tracking Service and public lookup endpoint are updated so all non-success lookup responses return a single non-revealing JSON error payload (e.g., {""status"":""error"",""message"":""Request could not be completed"",""traceId"":""<id>""}) and an identical HTTP status (choose 404) regardless of 'not found' vs 'unauthorized'. Verification: request scenarios that previously returned different errors (missing token, not found, forbidden) now return the same payload and HTTP status.","Remove different error messages/status codes that reveal whether an order exists or whether a caller has permission, while retaining a traceId for internal debugging in logs.","[""Update Tracking Service error-mapping to canonicalize all lookup failures to HTTP 404 and a fixed JSON payload with traceId field"", ""Add automated unit tests covering missing token, invalid token, not-found and forbidden to assert identical response body/status"", ""Deploy updated service to staging and route a small % of traffic (or run manual curl tests)"", ""Run three verification requests: valid order (200+order), nonexistent order, and unauthorized token; confirm the two error cases return identical body/status and valid X-Trace-Id header""]",false,Completed,2026-01-22 17:32:27.746,,2026-03-06 15:36:57.197,"",2026-03-06 15:36:56.155,2026-03-06 15:36:57.196,,"TrackingService, errors, security, orders, traceId, privacy",,,,,"8142: Consistent Error Timing to Prevent Enumeration, 8145: Trace-ID Response Header Exposed for Debugging"
be55e478d5971e779f6dce15cb309e24,Public Endpoint Security and Observability,"Harden the public Order Number endpoint with rate limiting, non-leaky error behavior, and structured observability to mitigate enumeration and abuse. Implement request throttling at the API Gateway and defensive guards in Tracking Service, emit audit logs with traceId and minimal context, and export metrics for lookup attempts, throttles, and failures for anomaly detection. Ensure responses avoid revealing existence or permission details while still supporting debugging via traceIds in logs.",Active,High,"7",2,false,"",2026-01-22 17:13:58.379,2026-01-22 17:13:58.379,8142,f44245e788f95bbb54878e05ba50a3ba,Consistent Error Timing to Prevent Enumeration,"4b3d487653786b8296235baa36ed4b8f",Medium-High,"5",5,0,"Tracking Service implements a consistent error-response timing policy: error responses for lookup attempts are normalized to a fixed minimum latency (e.g., add delay so error responses take ~150–250ms) to reduce timing differences between 'exists' and 'not exists'. Verification: measure response times for multiple not-found and failure cases and confirm they lie within the targeted window.",Reduce timing side-channels that allow attackers to distinguish order existence via response time variance.,"[""Add deterministic delay path for error responses in Tracking Service (apply for all error branches of GET /public/orders/lookup)"", ""Write unit tests asserting error-path response time >= configured baseline"", ""Deploy code to staging and run 20 requests each for known-good, known-not-found, and malformed requests; record timings"", ""Confirm error-case standard deviation and mean are within the configured bounds (150\u2013250ms)""]",false,Completed,2026-01-22 17:32:27.761,,2026-03-03 18:40:24.715,"",2026-03-03 18:40:23.848,2026-03-03 18:40:24.715,,"timing, side-channel, TrackingService, security, orders",,,,,(none)
be55e478d5971e779f6dce15cb309e24,Public Endpoint Security and Observability,"Harden the public Order Number endpoint with rate limiting, non-leaky error behavior, and structured observability to mitigate enumeration and abuse. Implement request throttling at the API Gateway and defensive guards in Tracking Service, emit audit logs with traceId and minimal context, and export metrics for lookup attempts, throttles, and failures for anomaly detection. Ensure responses avoid revealing existence or permission details while still supporting debugging via traceIds in logs.",Active,High,"7",2,false,"",2026-01-22 17:13:58.379,2026-01-22 17:13:58.379,8143,"857a366788504ed5c23969b66301bdd9",Standard Rate-Limit Response Headers Exposed,"4b3d487653786b8296235baa36ed4b8f",Medium-High,"4",4,0,"API responses from the gateway for the public lookup endpoint include standard rate-limit headers: X-RateLimit-Limit, X-RateLimit-Remaining, X-RateLimit-Reset on both successful and throttled (429) responses. Verification: call GET /public/orders/lookup and confirm these headers are present and populated.",Expose standard rate-limit metadata to well-behaved callers so they can back off gracefully while preserving security protections.,"[""Update API Gateway response mapping to add X-RateLimit-Limit, X-RateLimit-Remaining, X-RateLimit-Reset for route GET /public/orders/lookup"", ""Deploy mapping change"", ""Make a successful request and a throttled request and capture response headers"", ""Validate header values are numeric and X-RateLimit-Remaining decrements after repeated requests""]",true,Completed,2026-01-22 17:32:27.774,,2026-03-02 17:37:55.156,"",2026-03-02 17:25:50.149,2026-03-02 17:37:55.156,,"headers, rate-limit, API-Gateway, observability, orders",,,,,"8140: API Gateway Global Burst Throttle Active, 8139: API Gateway Per-IP Rate Limiting Enforced"
be55e478d5971e779f6dce15cb309e24,Public Endpoint Security and Observability,"Harden the public Order Number endpoint with rate limiting, non-leaky error behavior, and structured observability to mitigate enumeration and abuse. Implement request throttling at the API Gateway and defensive guards in Tracking Service, emit audit logs with traceId and minimal context, and export metrics for lookup attempts, throttles, and failures for anomaly detection. Ensure responses avoid revealing existence or permission details while still supporting debugging via traceIds in logs.",Active,High,"7",2,false,"",2026-01-22 17:13:58.379,2026-01-22 17:13:58.379,8144,f2aa18b420082b91c6f8aff8ae05193c,"429 Throttle Response Includes Retry-After Header","4b3d487653786b8296235baa36ed4b8f",Medium-High,"3",3,0,Throttle (429) responses from the API Gateway include a Retry-After header with the number of seconds the client should wait. Verification: exceed the throttle for GET /public/orders/lookup and confirm the 429 includes Retry-After with a positive integer value.,Provide a machine-readable retry hint to clients when throttled so they can respect server backoff recommendations.,"[""Configure API Gateway throttling response to include Retry-After (seconds) for 429 on route GET /public/orders/lookup"", ""Deploy configuration"", ""From one IP, exceed the limit and capture the 429 response to confirm Retry-After exists and contains an integer"", ""Confirm Retry-After value roughly matches configured window (e.g., >=30s when per-IP limit applies)""]",true,Completed,2026-01-22 17:32:27.788,,2026-02-27 20:47:51.229,"",2026-02-27 20:15:19.537,2026-02-27 20:47:51.228,,"headers, Retry-After, throttle, API-Gateway, orders",,,,,"8140: API Gateway Global Burst Throttle Active, 8139: API Gateway Per-IP Rate Limiting Enforced"
be55e478d5971e779f6dce15cb309e24,Public Endpoint Security and Observability,"Harden the public Order Number endpoint with rate limiting, non-leaky error behavior, and structured observability to mitigate enumeration and abuse. Implement request throttling at the API Gateway and defensive guards in Tracking Service, emit audit logs with traceId and minimal context, and export metrics for lookup attempts, throttles, and failures for anomaly detection. Ensure responses avoid revealing existence or permission details while still supporting debugging via traceIds in logs.",Active,High,"7",2,false,"",2026-01-22 17:13:58.379,2026-01-22 17:13:58.379,8145,"9986890351985285412fda1508370fd6",Trace-ID Response Header Exposed for Debugging,"4b3d487653786b8296235baa36ed4b8f",Medium-High,"3",3,0,All responses from the public order lookup endpoint include an X-Trace-Id response header containing the request's trace identifier (a GUID). Verification: issue a request to GET /public/orders/lookup and confirm the response contains X-Trace-Id and that the value is a valid GUID pattern.,Expose a lightweight trace identifier to callers so support and debugging can correlate client-visible requests with internal logs without leaking internal state.,"[""Instrument gateway or Tracking Service to emit X-Trace-Id header on all responses for GET /public/orders/lookup"", ""Ensure header value is the request's existing traceId (no new generation if already present) or a generated GUID"", ""Deploy change"", ""Call endpoint and validate X-Trace-Id header is present and matches traceId in a single sample log entry""]",false,Completed,2026-01-22 17:32:27.802,,2026-02-27 21:41:22.947,"",2026-02-27 21:41:22.014,2026-02-27 21:41:22.947,,"traceId, headers, observability, API-Gateway, TrackingService",,,,,(none)
be55e478d5971e779f6dce15cb309e24,Public Endpoint Security and Observability,"Harden the public Order Number endpoint with rate limiting, non-leaky error behavior, and structured observability to mitigate enumeration and abuse. Implement request throttling at the API Gateway and defensive guards in Tracking Service, emit audit logs with traceId and minimal context, and export metrics for lookup attempts, throttles, and failures for anomaly detection. Ensure responses avoid revealing existence or permission details while still supporting debugging via traceIds in logs.",Active,High,"7",2,false,"",2026-01-22 17:13:58.379,2026-01-22 17:13:58.379,8146,adae3b30a73a83483d6d7129a3abbbe5,Tracking Service Defensive Lookup Guards Enabled,"4b3d487653786b8296235baa36ed4b8f",High,"7",8,0,"Tracking Service defensive lookup guards are enabled: input validation for orderNumber pattern, per-order-number token bucket (to limit repeated hits on one orderNumber), and an early-reject path for malformed requests. Verification: repeated requests for the same orderNumber trigger the guard and receive a throttled response (429) or canonical error.",Reduce the ability to enumerate orderNumbers by limiting repeated lookups of the same identifier and rejecting malformed input early in the Tracking Service.,"[""Add regex validation for orderNumber parameter in Tracking Service and return canonical error for malformed values"", ""Implement a per-orderNumber attempt counter/short-term rate limiter (e.g., 10 attempts/min per orderNumber) in service cache layer"", ""Add early-reject logic to return 429 for over-limit per-orderNumber attempts"", ""Deploy changes to staging and test: send 20 requests for the same (nonexistent) orderNumber and confirm per-order guard returns 429 after configured threshold""]",false,Completed,2026-01-22 17:32:27.822,,2026-03-06 20:31:07.762,"",2026-03-06 19:59:16.942,2026-03-06 20:31:07.761,,"TrackingService, per-order, validation, rate-limit, security, orders",,,,,(none)
be55e478d5971e779f6dce15cb309e24,Public Endpoint Security and Observability,"Harden the public Order Number endpoint with rate limiting, non-leaky error behavior, and structured observability to mitigate enumeration and abuse. Implement request throttling at the API Gateway and defensive guards in Tracking Service, emit audit logs with traceId and minimal context, and export metrics for lookup attempts, throttles, and failures for anomaly detection. Ensure responses avoid revealing existence or permission details while still supporting debugging via traceIds in logs.",Active,High,"7",2,false,"",2026-01-22 17:13:58.379,2026-01-22 17:13:58.379,8147,"4c77d2db508d56ed4b94c96a9567bcd8",Rate Limits Applied Separately for Authenticated Users,"4b3d487653786b8296235baa36ed4b8f",Medium-High,"6",6,0,"API Gateway applies separate rate limits/quotas when a valid Authorization: Bearer token is present: authenticated principals get a distinct quota (e.g., 1000 req/min per user) that is enforced separately from per-IP limits. Verification: call GET /public/orders/lookup with a test bearer token and without a token; observe different rate-limit headers and enforcement behavior.","Allow authenticated users a separate, higher quota while still protecting the endpoint from anonymous per-IP abuse.","[""Update API Gateway policy to key rate limits by auth principal when Authorization Bearer token is present and fall back to client IP when absent"", ""Create a test service account token and register it in gateway auth test config"", ""Deploy policy changes"", ""Run parallel tests: exceed anonymous per-IP limit and confirm throttle, then exceed authenticated per-user quota and confirm throttle; verify differing X-RateLimit-* headers for both cases""]",true,Completed,2026-01-22 17:32:27.836,,2026-03-04 21:02:07.639,"",2026-03-04 20:50:59.388,2026-03-04 21:02:07.638,,"API-Gateway, auth, rate-limit, quota, Bearer, orders",,,,,"8139: API Gateway Per-IP Rate Limiting Enforced, 8143: Standard Rate-Limit Response Headers Exposed"
be55e478d5971e779f6dce15cb309e24,Public Endpoint Security and Observability,"Harden the public Order Number endpoint with rate limiting, non-leaky error behavior, and structured observability to mitigate enumeration and abuse. Implement request throttling at the API Gateway and defensive guards in Tracking Service, emit audit logs with traceId and minimal context, and export metrics for lookup attempts, throttles, and failures for anomaly detection. Ensure responses avoid revealing existence or permission details while still supporting debugging via traceIds in logs.",Active,High,"7",2,false,"",2026-01-22 17:13:58.379,2026-01-22 17:13:58.379,8148,"940dfaa9cebaf723d881f71db86b8dd7","Lookup Attempts, Throttles, Failures Metrics Exported","4b3d487653786b8296235baa36ed4b8f",High,"6",6,0,"Prometheus-style metrics for order lookup activity are exported: order_lookup_attempts_total, order_lookup_throttled_total, order_lookup_failures_total (labels: route, result). Verification: hit GET /public/orders/lookup and then query /metrics on the service/gateway to see counters increment for attempts and for throttled/failure cases.","Provide observability signals for lookup attempts, throttles and failures so SOC/ops can detect abnormal enumeration or abuse patterns.","[""Instrument Tracking Service (and API Gateway if possible) to increment Prometheus counters: order_lookup_attempts_total, order_lookup_throttled_total, order_lookup_failures_total with labels route=/public/orders/lookup"", ""Expose /metrics endpoint (or ensure existing endpoint includes new counters)"", ""Deploy and trigger: successful lookup, forced throttle, and forced failure; then scrape /metrics and confirm counters increased appropriately"", ""Add a single Grafana/Prometheus query example to validate (saved query text) \u2014 e.g., increase over 5m""]",false,Completed,2026-01-22 17:32:27.848,,2026-03-06 18:23:58.764,"",2026-03-06 18:23:57.981,2026-03-06 18:23:58.764,,"metrics, Prometheus, observability, orders, throttle, tracking",,,,,"8140: API Gateway Global Burst Throttle Active, 8139: API Gateway Per-IP Rate Limiting Enforced, 8141: Order Number Endpoint Returns Non-Revealing Errors, 8146: Tracking Service Defensive Lookup Guards Enabled"
be55e478d5971e779f6dce15cb309e24,Public Endpoint Security and Observability,"Harden the public Order Number endpoint with rate limiting, non-leaky error behavior, and structured observability to mitigate enumeration and abuse. Implement request throttling at the API Gateway and defensive guards in Tracking Service, emit audit logs with traceId and minimal context, and export metrics for lookup attempts, throttles, and failures for anomaly detection. Ensure responses avoid revealing existence or permission details while still supporting debugging via traceIds in logs.",Active,High,"7",2,false,"",2026-01-22 17:13:58.379,2026-01-22 17:13:58.379,8149,"9dde8dad22e3f4e51623b43e78ff8a8c",Audit Logs Emitted with TraceId and Minimal Context,"4b3d487653786b8296235baa36ed4b8f",High,"6",6,0,"Audit logs for order lookup attempts are emitted from Tracking Service (and gateway entry) containing traceId, hashed/masked orderNumber (SHA256 prefix), clientIp, timestamp, and result (success/throttle/failure) while excluding raw PII. Verification: perform a lookup and confirm a matching audit log entry appears in the logging backend with traceId and masked orderNumber.",Create minimal-context audit records that allow incident investigation using traceId correlation while preventing leakage of full sensitive order identifiers in logs.,"[""Instrument Tracking Service to emit an audit log record on every lookup attempt with fields: traceId, orderHash (SHA256 first 8 chars), clientIp, result"", ""Ensure logs omit raw orderNumber and user PII; implement hashing utility and test it"", ""Deploy changes and perform a sample lookup; retrieve the log from the logging backend and confirm it contains traceId, orderHash, clientIp, and result"", ""Verify that the traceId in the response header (X-Trace-Id) matches the traceId in the audit log entry""]",false,Completed,2026-01-22 17:32:27.860,,2026-03-06 18:52:36.812,"",2026-03-06 18:52:35.990,2026-03-06 18:52:36.811,,"audit, logs, traceId, privacy, TrackingService, orders",,,,,"8145: Trace-ID Response Header Exposed for Debugging, 8146: Tracking Service Defensive Lookup Guards Enabled"
ceb448a59e9ae5ceee8e7bfdba2fb6e2,Route Builder for Stop Structures,"Construct route blocks from order and stop data for all four stop-structure types (Continuation, Distribution, Collection, Return). Produces routes[] entries with fromStopNumber, toStopNumber, routeLabel, pieceCount, status, originStop, and destinationStop, using stable stop identifiers and formatted address fields (City, State Abbreviation, Postal Code). Ensures Return structure rules (Stop 1 equals Stop 3) while still emitting each route block and omitting inapplicable fields cleanly.",Active,High,"8",3,false,"",2026-01-22 17:13:58.349,2026-01-22 17:13:58.349,8125,"1869507a3b32ac3cf6cbe7eed63a0a91",Continuation Route Blocks Generated From Order Stops,"4b3d487653786b8296235baa36ed4b8f",High,"5",6,0,"Run the route generator for orders containing the Continuation stop-structure and emit routes[] entries for each adjacent stop pair. Verification: call the generator with a sample Continuation order and confirm routes[] contains entries with fromStopNumber, toStopNumber and a routeLabel of ""Continuation"" for each adjacent pair.",Produce customer-visible Continuation route blocks from order stops so operators can inspect continuation segments in routes[].,"[""Detect Continuation stop-structure in incoming order payload"", ""For each adjacent stop pair create a routes[] entry with fromStopNumber and toStopNumber set to the stop sequence numbers"", ""Set routeLabel to \""Continuation\"" and placeholder pieceCount 0"", ""Set status to \""Pending\"" for new Continuation route blocks"", ""Run generator against sample Continuation order and save emitted routes[] JSON"", ""Verify emitted routes[] contains at least one \""Continuation\"" route with matching from/to stop numbers""]",false,Completed,2026-01-22 17:29:42.139,,2026-03-04 19:59:41.063,"",2026-03-04 17:23:20.866,2026-03-04 19:59:41.063,,"routes, Continuation, fromStopNumber, toStopNumber, routeLabel, status",,,,,"8136: Emit Route Blocks Even When Fields Are Omitted, 8137: Handle Missing Address Components Without Failure, 8129: Include FromStop ToStop And RouteLabel Fields, 8135: Omit Inapplicable Fields Cleanly In Route Output, 8132: Origin And Destination Stop Objects Attached To Routes, 8131: Route Addresses Include City State Postal, 8130: Stable Stop Identifiers Used In Route Output"
ceb448a59e9ae5ceee8e7bfdba2fb6e2,Route Builder for Stop Structures,"Construct route blocks from order and stop data for all four stop-structure types (Continuation, Distribution, Collection, Return). Produces routes[] entries with fromStopNumber, toStopNumber, routeLabel, pieceCount, status, originStop, and destinationStop, using stable stop identifiers and formatted address fields (City, State Abbreviation, Postal Code). Ensures Return structure rules (Stop 1 equals Stop 3) while still emitting each route block and omitting inapplicable fields cleanly.",Active,High,"8",3,false,"",2026-01-22 17:13:58.349,2026-01-22 17:13:58.349,8126,"8c3e66e27b4b2e69d273a11f2dece732",Distribution Route Blocks Emitted With Piece Counts,"4b3d487653786b8296235baa36ed4b8f",High,"6",6,0,Emit Distribution-type route blocks into routes[] with an included pieceCount field computed for the route's destination stop(s). Verification: run generator on a sample Distribution order and confirm routes[] entries of type Distribution include a numeric pieceCount matching summed stop pieces.,Ensure Distribution routes include a pieceCount so customers/operators can see expected item counts per distribution leg.,"[""Identify Distribution stop-structure in order input"", ""For each Distribution route, compute pieceCount using pieces present on the destination stop (sum if multiple destination stops apply)"", ""Populate routes[].pieceCount with the computed integer"", ""Emit each Distribution route block into routes[] with routeLabel \""Distribution\"""", ""Run generator against sample Distribution order and assert returned routes[].pieceCount equals expected sum""]",false,Completed,2026-01-22 17:29:42.156,,2026-03-05 17:15:17.758,"",2026-03-05 17:01:40.643,2026-03-05 17:15:17.758,,"routes, Distribution, pieceCount, destinationStop, validation",,,,,"8136: Emit Route Blocks Even When Fields Are Omitted, 8137: Handle Missing Address Components Without Failure, 8129: Include FromStop ToStop And RouteLabel Fields, 8135: Omit Inapplicable Fields Cleanly In Route Output, 8132: Origin And Destination Stop Objects Attached To Routes, 8133: Piece Count Calculation For MultiStop Routes, 8131: Route Addresses Include City State Postal, 8130: Stable Stop Identifiers Used In Route Output"
ceb448a59e9ae5ceee8e7bfdba2fb6e2,Route Builder for Stop Structures,"Construct route blocks from order and stop data for all four stop-structure types (Continuation, Distribution, Collection, Return). Produces routes[] entries with fromStopNumber, toStopNumber, routeLabel, pieceCount, status, originStop, and destinationStop, using stable stop identifiers and formatted address fields (City, State Abbreviation, Postal Code). Ensures Return structure rules (Stop 1 equals Stop 3) while still emitting each route block and omitting inapplicable fields cleanly.",Active,High,"8",3,false,"",2026-01-22 17:13:58.349,2026-01-22 17:13:58.349,8127,de66576481121409d2ff327c5920603a,Collection Route Blocks Created And Status Assigned,"4b3d487653786b8296235baa36ed4b8f",High,"5",6,0,"Create Collection route blocks and assign an initial status value (e.g., ""Collected"" or ""Pending"" per rule) in routes[]. Verification: generator run on a sample Collection order returns routes[] entries for collection legs with status populated.",Deliver route blocks for Collection structures with an explicit status so downstream systems can act on collection legs immediately.,"[""Detect Collection stop-structure in order payload"", ""For each collection leg produce a routes[] entry with fromStopNumber/toStopNumber"", ""Assign status according to collection rule (set to \""Collected\"" if stop has collected=true, otherwise \""Pending\"")"", ""Include routeLabel \""Collection\"""", ""Run generator with a sample Collection order and confirm routes[] entries include the expected status values""]",false,Completed,2026-01-22 17:29:42.172,,2026-03-05 18:49:36.372,"",2026-03-05 17:15:31.378,2026-03-05 18:49:36.372,,"routes, Collection, status, fromStopNumber, toStopNumber",,,,,"8136: Emit Route Blocks Even When Fields Are Omitted, 8137: Handle Missing Address Components Without Failure, 8129: Include FromStop ToStop And RouteLabel Fields, 8135: Omit Inapplicable Fields Cleanly In Route Output, 8132: Origin And Destination Stop Objects Attached To Routes, 8131: Route Addresses Include City State Postal, 8130: Stable Stop Identifiers Used In Route Output, 8134: Status Assignment For Each Route Block Live"
ceb448a59e9ae5ceee8e7bfdba2fb6e2,Route Builder for Stop Structures,"Construct route blocks from order and stop data for all four stop-structure types (Continuation, Distribution, Collection, Return). Produces routes[] entries with fromStopNumber, toStopNumber, routeLabel, pieceCount, status, originStop, and destinationStop, using stable stop identifiers and formatted address fields (City, State Abbreviation, Postal Code). Ensures Return structure rules (Stop 1 equals Stop 3) while still emitting each route block and omitting inapplicable fields cleanly.",Active,High,"8",3,false,"",2026-01-22 17:13:58.349,2026-01-22 17:13:58.349,8128,"90012c73c27b576da51149505e54cae6",Return Route Blocks Enforce Same Origin And Destination,"4b3d487653786b8296235baa36ed4b8f",High,"6",6,0,Enforce the Return structure rule that Stop 1 equals Stop 3 while emitting each route block; originStop and destinationStop for affected route(s) will reference the same stop object. Verification: run generator on a sample Return order and confirm routes[] entries for Return show originStop equals destinationStop (same stopId) but still emit both route blocks.,Ensure Return routes adhere to the Stop1==Stop3 rule while keeping route block emission intact for routing/visibility.,"[""Detect Return stop-structure in incoming orders"", ""When building route blocks, check if Stop 1 and Stop 3 refer to the same stable stop identifier"", ""Set originStop and destinationStop objects to reference that same stop for the Return routes"", ""Still emit each expected route block (do not suppress emission because origin==destination)"", ""Run generator against a sample Return order where Stop1 and Stop3 match and verify emitted route blocks have identical originStop.destinationStop stopId values""]",false,Completed,2026-01-22 17:29:42.185,,2026-03-06 15:35:10.881,"",2026-03-06 15:35:06.281,2026-03-06 15:35:10.881,,"routes, Return, originStop, destinationStop, stopEquality",,,,,"8136: Emit Route Blocks Even When Fields Are Omitted, 8129: Include FromStop ToStop And RouteLabel Fields, 8135: Omit Inapplicable Fields Cleanly In Route Output, 8132: Origin And Destination Stop Objects Attached To Routes, 8130: Stable Stop Identifiers Used In Route Output, 8134: Status Assignment For Each Route Block Live"
ceb448a59e9ae5ceee8e7bfdba2fb6e2,Route Builder for Stop Structures,"Construct route blocks from order and stop data for all four stop-structure types (Continuation, Distribution, Collection, Return). Produces routes[] entries with fromStopNumber, toStopNumber, routeLabel, pieceCount, status, originStop, and destinationStop, using stable stop identifiers and formatted address fields (City, State Abbreviation, Postal Code). Ensures Return structure rules (Stop 1 equals Stop 3) while still emitting each route block and omitting inapplicable fields cleanly.",Active,High,"8",3,false,"",2026-01-22 17:13:58.349,2026-01-22 17:13:58.349,8129,b486f75a0ae2f5225569c91f8174f060,Include FromStop ToStop And RouteLabel Fields,"4b3d487653786b8296235baa36ed4b8f",Medium-High,"4",4,0,"Ensure every emitted route block includes fromStopNumber, toStopNumber and routeLabel fields. Verification: run the generator on sample orders and confirm each routes[] entry contains these three fields when applicable.","Provide clear, consistent identification of route endpoints and human-readable routeLabels in emitted route blocks.","[""Add fromStopNumber, toStopNumber and routeLabel population to the route serializer"", ""Define routeLabel format (e.g., \""<Type>: S<from>->S<to>\"")"", ""Add unit check to fail build if any routes[] entry is missing one of the three fields"", ""Run generator against sample orders for each stop-structure and validate outputs contain fromStopNumber,toStopNumber,routeLabel""]",true,Completed,2026-01-22 17:29:42.204,,2026-03-02 19:00:19.268,"",2026-03-02 18:24:34.147,2026-03-02 19:00:19.268,,"routes, fromStopNumber, toStopNumber, routeLabel, serialization",,,,,(none)
ceb448a59e9ae5ceee8e7bfdba2fb6e2,Route Builder for Stop Structures,"Construct route blocks from order and stop data for all four stop-structure types (Continuation, Distribution, Collection, Return). Produces routes[] entries with fromStopNumber, toStopNumber, routeLabel, pieceCount, status, originStop, and destinationStop, using stable stop identifiers and formatted address fields (City, State Abbreviation, Postal Code). Ensures Return structure rules (Stop 1 equals Stop 3) while still emitting each route block and omitting inapplicable fields cleanly.",Active,High,"8",3,false,"",2026-01-22 17:13:58.349,2026-01-22 17:13:58.349,8130,"4208335570f8a9fa4cd377b3135e18d5",Stable Stop Identifiers Used In Route Output,"4b3d487653786b8296235baa36ed4b8f",Medium-High,"6",6,0,Emit stable stop identifiers in route output by copying the stop's stable identifier into originStop.stopId and destinationStop.stopId. Verification: run generator with an order containing stableStopId on stops and confirm those exact stableStopId values appear in routes[].originStop.stopId and routes[].destinationStop.stopId.,Guarantee route consumers can reference stops consistently using stable stop identifiers rather than ephemeral indexes.,"[""Read stable stop identifier field from each input stop (stableStopId or stable_id)"", ""Populate originStop.stopId and destinationStop.stopId with the stop's stable identifier"", ""Add assert in serializer that stopId is a non-empty string when stableStopId is present"", ""Run generator on sample order with stable stop identifiers and verify emitted stopId values exactly match input stable IDs""]",true,Completed,2026-01-22 17:29:42.220,,2026-03-04 20:19:29.232,"",2026-03-04 20:00:12.125,2026-03-04 20:19:29.232,,"routes, stopId, stableIdentifier, originStop, destinationStop",,,,,"8132: Origin And Destination Stop Objects Attached To Routes"
ceb448a59e9ae5ceee8e7bfdba2fb6e2,Route Builder for Stop Structures,"Construct route blocks from order and stop data for all four stop-structure types (Continuation, Distribution, Collection, Return). Produces routes[] entries with fromStopNumber, toStopNumber, routeLabel, pieceCount, status, originStop, and destinationStop, using stable stop identifiers and formatted address fields (City, State Abbreviation, Postal Code). Ensures Return structure rules (Stop 1 equals Stop 3) while still emitting each route block and omitting inapplicable fields cleanly.",Active,High,"8",3,false,"",2026-01-22 17:13:58.349,2026-01-22 17:13:58.349,8131,b6dfb20fdf8c9debf236f9e734bb7686,Route Addresses Include City State Postal,"4b3d487653786b8296235baa36ed4b8f",Medium-High,"5",6,0,"Include formatted address components City, State Abbreviation and Postal Code in the route address fields attached to originStop and destinationStop. Verification: generate routes for a sample order with full addresses and confirm originStop.address.City, originStop.address.State, originStop.address.PostalCode (and same for destinationStop) are present and populated.","Provide address granularity (City, State Abbreviation, Postal Code) in routes so downstream systems can display or filter by location.","[""Extract city, state (abbreviation) and postal code from each stop.address in the order payload"", ""Format and set originStop.address.City, originStop.address.State and originStop.address.PostalCode (and destination equivalents)"", ""If input contains a full state name, convert to abbreviation where known"", ""Run generator on sample order and assert emitted address fields contain City, State and PostalCode keys""]",true,Completed,2026-01-22 17:29:42.235,,2026-03-03 20:14:47.718,"",2026-03-03 19:55:19.229,2026-03-03 20:14:47.718,,"routes, address, City, State, PostalCode, originStop, destinationStop",,,,,"8137: Handle Missing Address Components Without Failure, 8135: Omit Inapplicable Fields Cleanly In Route Output, 8132: Origin And Destination Stop Objects Attached To Routes"
ceb448a59e9ae5ceee8e7bfdba2fb6e2,Route Builder for Stop Structures,"Construct route blocks from order and stop data for all four stop-structure types (Continuation, Distribution, Collection, Return). Produces routes[] entries with fromStopNumber, toStopNumber, routeLabel, pieceCount, status, originStop, and destinationStop, using stable stop identifiers and formatted address fields (City, State Abbreviation, Postal Code). Ensures Return structure rules (Stop 1 equals Stop 3) while still emitting each route block and omitting inapplicable fields cleanly.",Active,High,"8",3,false,"",2026-01-22 17:13:58.349,2026-01-22 17:13:58.349,8132,cef848527733ce3d67d96cd795de081b,Origin And Destination Stop Objects Attached To Routes,"4b3d487653786b8296235baa36ed4b8f",High,"6",6,0,Attach originStop and destinationStop objects to each route block containing at minimum stopId and formatted address fields. Verification: run generator and confirm every routes[] entry has originStop and destinationStop objects with stopId and address subfields.,Deliver self-contained route blocks where each route clearly carries origin and destination stop objects for immediate consumption by UIs and downstream services.,"[""Create originStop and destinationStop object shapes for route output (stopId + address subfields)"", ""Populate originStop/destinationStop from the input stop records used for fromStopNumber/toStopNumber"", ""Ensure address uses the City/State/PostalCode formatting implemented in prior task"", ""Run generator on sample orders and validate each routes[] entry contains originStop and destinationStop objects with stopId and address keys""]",true,Completed,2026-01-22 17:29:42.249,,2026-03-06 15:35:43.530,"",2026-03-06 15:35:42.660,2026-03-06 15:35:43.530,,"routes, originStop, destinationStop, stopObject, address",,,,,(none)
ceb448a59e9ae5ceee8e7bfdba2fb6e2,Route Builder for Stop Structures,"Construct route blocks from order and stop data for all four stop-structure types (Continuation, Distribution, Collection, Return). Produces routes[] entries with fromStopNumber, toStopNumber, routeLabel, pieceCount, status, originStop, and destinationStop, using stable stop identifiers and formatted address fields (City, State Abbreviation, Postal Code). Ensures Return structure rules (Stop 1 equals Stop 3) while still emitting each route block and omitting inapplicable fields cleanly.",Active,High,"8",3,false,"",2026-01-22 17:13:58.349,2026-01-22 17:13:58.349,8133,"8c7cfd9e17e3902cc832afd2689617a7",Piece Count Calculation For MultiStop Routes,"4b3d487653786b8296235baa36ed4b8f",High,"7",7,0,Implement pieceCount calculation for multi-stop routes: sum pieces across included stops between fromStopNumber and toStopNumber and emit numeric pieceCount. Verification: run generator on a multi-stop sample and confirm pieceCount equals the sum of stop pieces in that segment.,Accurately compute and expose pieceCount for multi-stop route segments so operators can plan load and capacity.,"[""Identify the inclusive stop range for a given route (fromStopNumber..toStopNumber)"", ""For each stop in the range read numeric pieces value (treat missing as 0)"", ""Sum pieces and assign to routes[].pieceCount as integer"", ""Add unit test with a three-stop route where pieces are 2,3,4 and assert pieceCount == 9"", ""Run generator on provided multi-stop sample orders and validate emitted pieceCount values""]",true,Completed,2026-01-22 17:29:42.262,,2026-03-06 15:35:54.241,"",2026-03-06 15:35:53.372,2026-03-06 15:35:54.240,,"routes, pieceCount, multiStop, sum, validation",,,,,"8132: Origin And Destination Stop Objects Attached To Routes"
ceb448a59e9ae5ceee8e7bfdba2fb6e2,Route Builder for Stop Structures,"Construct route blocks from order and stop data for all four stop-structure types (Continuation, Distribution, Collection, Return). Produces routes[] entries with fromStopNumber, toStopNumber, routeLabel, pieceCount, status, originStop, and destinationStop, using stable stop identifiers and formatted address fields (City, State Abbreviation, Postal Code). Ensures Return structure rules (Stop 1 equals Stop 3) while still emitting each route block and omitting inapplicable fields cleanly.",Active,High,"8",3,false,"",2026-01-22 17:13:58.349,2026-01-22 17:13:58.349,8134,afd659f0db4f3c4151f52ab64d3b3737,Status Assignment For Each Route Block Live,"4b3d487653786b8296235baa36ed4b8f",High,"6",6,0,"Assign a status value for each route block according to rules (e.g., Pending, InTransit, Collected, Delivered, Returned) and emit it in routes[].status. Verification: run generator on sample orders with varied stop metadata and confirm status values match rule mapping.",Provide a definitive status per route block so customers and operators can see current/expected lifecycle state for each route leg.,"[""Define status mapping rules for each stop-structure and stop metadata (e.g., collected=true -> \""Collected\"")"", ""Implement mapping logic during route construction to set routes[].status"", ""Add a unit test matrix verifying mapping for at least Pending/InTransit/Collected/Returned"", ""Run generator on sample orders exercising each mapping and confirm emitted routes[].status values match expected rules""]",true,Completed,2026-01-22 17:29:42.276,,2026-03-06 15:36:25.583,"",2026-03-06 15:36:24.103,2026-03-06 15:36:25.582,,"routes, status, mapping, lifeCycle",,,,,"8132: Origin And Destination Stop Objects Attached To Routes"
ceb448a59e9ae5ceee8e7bfdba2fb6e2,Route Builder for Stop Structures,"Construct route blocks from order and stop data for all four stop-structure types (Continuation, Distribution, Collection, Return). Produces routes[] entries with fromStopNumber, toStopNumber, routeLabel, pieceCount, status, originStop, and destinationStop, using stable stop identifiers and formatted address fields (City, State Abbreviation, Postal Code). Ensures Return structure rules (Stop 1 equals Stop 3) while still emitting each route block and omitting inapplicable fields cleanly.",Active,High,"8",3,false,"",2026-01-22 17:13:58.349,2026-01-22 17:13:58.349,8135,"236f86520015065ae47ff77e8c28aedb",Omit Inapplicable Fields Cleanly In Route Output,"4b3d487653786b8296235baa36ed4b8f",Medium-High,"5",5,0,"Ensure in the emitted JSON route objects any fields that are inapplicable for a route (e.g., destination-specific fields on one-way origin-only routes) are omitted rather than populated with invalid placeholders. Verification: run generator on orders that lack optional data and confirm JSON for routes[] does not include those keys.",Keep route output clean and unambiguous by omitting fields that do not apply to a given route block.,"[""Identify optional route fields that may be inapplicable (e.g., deliveryWindow on pickup-only routes)"", ""Update serializer to exclude keys when values are null or not relevant"", ""Add unit test where optional fields are absent in input and assert they are not present in output JSON"", ""Run generator on mixed sample orders and spot-check emitted route JSON to confirm omitted fields are absent""]",true,Completed,2026-01-22 17:29:42.289,,2026-03-03 17:56:17.717,"",2026-03-03 17:30:47.150,2026-03-03 17:56:17.716,,"routes, serialization, omitNulls, cleanOutput",,,,,(none)
ceb448a59e9ae5ceee8e7bfdba2fb6e2,Route Builder for Stop Structures,"Construct route blocks from order and stop data for all four stop-structure types (Continuation, Distribution, Collection, Return). Produces routes[] entries with fromStopNumber, toStopNumber, routeLabel, pieceCount, status, originStop, and destinationStop, using stable stop identifiers and formatted address fields (City, State Abbreviation, Postal Code). Ensures Return structure rules (Stop 1 equals Stop 3) while still emitting each route block and omitting inapplicable fields cleanly.",Active,High,"8",3,false,"",2026-01-22 17:13:58.349,2026-01-22 17:13:58.349,8136,"44a0fd1d57b29b893525905a55b565da",Emit Route Blocks Even When Fields Are Omitted,"4b3d487653786b8296235baa36ed4b8f",Medium-High,"4",4,0,"Ensure the generator still emits route blocks even when optional fields are omitted (addresses, pieces, etc.). Verification: run generator on orders missing optional fields and confirm routes[] entries are present for each expected leg.",Prevent silent suppression of route blocks when input lacks optional data so downstream systems retain expected route visibility.,"[""Modify route emission to not gate on presence of optional fields"", ""Emit route block with required minimal keys (fromStopNumber,toStopNumber,routeLabel,status) when optional data missing"", ""Add unit test that passes an order missing optional fields and asserts routes[] length is as expected"", ""Run generator on the test order and validate route blocks are present""]",true,Completed,2026-01-22 17:29:42.302,,2026-03-02 17:19:43.762,"",2026-03-02 16:53:37.742,2026-03-02 17:19:43.761,,"routes, robustness, emitEvenIfMissing, optionalFields",,,,,"8135: Omit Inapplicable Fields Cleanly In Route Output, 8132: Origin And Destination Stop Objects Attached To Routes"
ceb448a59e9ae5ceee8e7bfdba2fb6e2,Route Builder for Stop Structures,"Construct route blocks from order and stop data for all four stop-structure types (Continuation, Distribution, Collection, Return). Produces routes[] entries with fromStopNumber, toStopNumber, routeLabel, pieceCount, status, originStop, and destinationStop, using stable stop identifiers and formatted address fields (City, State Abbreviation, Postal Code). Ensures Return structure rules (Stop 1 equals Stop 3) while still emitting each route block and omitting inapplicable fields cleanly.",Active,High,"8",3,false,"",2026-01-22 17:13:58.349,2026-01-22 17:13:58.349,8137,ad051932b6f3420b5c870cb667228f4b,Handle Missing Address Components Without Failure,"4b3d487653786b8296235baa36ed4b8f",Medium-High,"5",5,0,"Handle missing address components (City, State, Postal Code) without raising errors: serializer should substitute empty strings or omit subfields and continue emitting routes[]. Verification: run generator on orders missing one or more address components and confirm no exceptions, and origin/destination address subfields are empty or absent.",Make route generation resilient to incomplete address data so processing continues and routes remain available to customers.,"[""Detect missing address components when reading stop.address"", ""If City/State/PostalCode missing, set to empty string or omit the specific key per serializer rules"", ""Ensure state abbreviation conversion tolerates empty input"", ""Add tests that pass stops with missing city, missing state, and missing postal code and assert generator returns routes[] without throwing""]",true,Completed,2026-01-22 17:29:42.316,,2026-03-03 20:56:16.453,"",2026-03-03 20:42:10.078,2026-03-03 20:56:16.453,,"routes, address, missingData, faultTolerance",,,,,"8135: Omit Inapplicable Fields Cleanly In Route Output, 8132: Origin And Destination Stop Objects Attached To Routes"
ceb448a59e9ae5ceee8e7bfdba2fb6e2,Route Builder for Stop Structures,"Construct route blocks from order and stop data for all four stop-structure types (Continuation, Distribution, Collection, Return). Produces routes[] entries with fromStopNumber, toStopNumber, routeLabel, pieceCount, status, originStop, and destinationStop, using stable stop identifiers and formatted address fields (City, State Abbreviation, Postal Code). Ensures Return structure rules (Stop 1 equals Stop 3) while still emitting each route block and omitting inapplicable fields cleanly.",Active,High,"8",3,false,"",2026-01-22 17:13:58.349,2026-01-22 17:13:58.349,8138,"0f8136786cd546cd1d0586635819b1fa",Emit Zero-Length Route Blocks For Identical Stops,"4b3d487653786b8296235baa36ed4b8f",Medium-High,"5",5,0,"Emit zero-length route blocks when fromStopNumber equals toStopNumber (identical stops) with explicit indication (e.g., pieceCount 0 and status \""ZeroLength\""). Verification: run generator on a sample order with identical stop numbers and confirm the emitted route block has fromStopNumber==toStopNumber and pieceCount==0.","Provide explicit, observable route blocks for identical-stop scenarios so operators can detect and handle zero-length legs.","[""Detect cases where fromStopNumber == toStopNumber during route construction"", ""Create a route block for that pair with pieceCount set to 0 and status set to \""ZeroLength\"""", ""Ensure originStop and destinationStop still attach (may be identical objects) per Return rules"", ""Add unit test for identical-stop route emission and run generator to validate emitted zero-length route block""]",true,Completed,2026-01-22 17:29:42.330,,2026-03-03 18:18:40.592,"",2026-03-03 18:18:39.726,2026-03-03 18:18:40.592,,"routes, zeroLength, identicalStops, pieceCount, status",,,,,"8136: Emit Route Blocks Even When Fields Are Omitted, 8129: Include FromStop ToStop And RouteLabel Fields, 8135: Omit Inapplicable Fields Cleanly In Route Output, 8132: Origin And Destination Stop Objects Attached To Routes, 8134: Status Assignment For Each Route Block Live"
